y,x1,x2,x3,x4,x5,x6,x7,x8,x9,x10,x11,x12,x13,x14,x15,x16,x17,x18
72.9,14,4,0.49,216.7029481,95,408,27.9,4,94,3.4,94,0.1,4167.364387,24198811,9.5,9.3,0.723,12
69.5,22,0,4.72,685.0299083,84,0,52.6,0,84,5.92,84,0.8,5761.39536,5975,3.5,3.4,0.684,11.7
77.6,119,1,6.74,1842.463782,8,0,57.1,1,8,8.3,8,0.1,12593.7374,393986,1.9,1.8,0.78,13
63,189,377,0.01,1.766663097,65.3684051397019,3849,16.9,483,68,2.61,65,0.1,51.6568157,14161437,22,22.4,0.45,5.4
46.6,554,116,10.47,22.59447461,51.3366487594418,42554,13,191,55,6.77,52,11.6,257.63369,2439274,7,7,0.382,9.8
67.6,256,6,4.89,115.738974,48,7587,55.4,7,99,6.25,99,0.9,879.475486,48225,2.9,3,0.683,13.9
73.9,151,0,12.68,0,99,0,41.3,0,99,6.81,99,0.1,79.0716297752986,0,4.3,4.4,0.707,12.8
79.2,85,3,11.67,6012.92584,9,778,57.6,3,95,1.52,96,0.1,34696.6292,82469422,1.1,1.1,0.884,16.4
63,294,61,1.73,56.58984221,9,95,18.9,89,9,3.97,9,4.3,967.34773,4135152,8.2,8,0.523,11.1
68.8,182,0,0.01,24.73328608,94,0,48.9,0,99,5.42,94,0.1,188.5159,563513,1.1,1.2,0.509,9.5
53.7,278,55,0.11,3.751715442,47.9651893882642,2183,15.4,114,46,7.15,45,1.6,25.383731,13618449,11.9,11.8,0.278,3.5
67.1,192,0,0.01,200.6600988,97,0,29.3,0,97,9.76,97,0.2,1619.532678,18745,5.7,5.5,0.559,11
79.3,82,4,11.61,0,88.1460864619696,764,61.3,4,92,8.36,92,0.1,55.0318684567278,384.00928660391,0.7,0.5,6.92127441550805,7.23119335623764
66.1,195,15,2.13,48.35423978,92,4779,15.9,17,95,6.36,94,0.6,738.2326684,14928,11.1,11.4,0.52,10.5
64.2,234,140,0.01,89.95805845,77,12739,17.2,202,75,4.88,77,0.6,571.1622759,97366774,1.5,1.3,0.435,8.4
56.7,287,4,3.21,53.30782696,83,26,23.1,7,82,6.7,83,5.9,543.957418,155588,8,7.9,0.405,8.9
74.5,141,3,3.03,20.83302367,99,60,2.5,4,99,3.28,99,0.1,322.992615,2271,15.3,15.3,0.746,13.6
74.9,13,3,1.29,594.6453102,98,16,59.3,3,98,7.26,98,0.1,4199.47253,1114558,6.4,6.3,0.72,14.7
74.5,153,9,6.5,788.6873403,99,2641,31.3,10,99,4,99,0.1,6171.262444,6814365,7.9,7.9,0.733,13.6
73.5,127,9,0.92,116.2585943,83,375,47.6,10,83,4.11,8,0.1,1577.457182,18294611,6.5,6.3,0.624,11
75.7,136,0,7.84,1810.875316,99,0,45.1,0,99,5.65,99,0.1,11929.34991,3976.41428193302,3.3,3.3,0.782,14.1
71.5,175,5,1.45,60.4909815,90.6549116302492,16527,14.1,6,99,3.77,99,0.1,875.412178,18655,15.3,15.5,0.677,12.4
65.4,29,49,0.3,17.48293752,92,190,19.8,65,9,1.92,9,0.5,987.7365832,5155896,13.1,13.3,0.515,8.8
61,246,11,3.68,0,49,295,14.9,16,5,4.32,49,0.2,93.3103545122254,155.503409161172,1,1.1,0.494,8.7
69.1,194,0,4.55,516.7112481,84.3542750800894,0,34.4,1,91,4.4,91,1.2,6935.721451,127238,6.6,7.1,0.715,11.8
67.5,216,62,4.19,137.327474,87,530,21.1,80,87,3.94,87,0.1,1672.685433,8929349,1,9.7,0.648,11.4
64.9,26,20,0.32,1.431051664,92,18,22.2,31,89,4.42,92,0.4,18.25321,13391,1.2,1.1,0.455,7.9
51,413,22,3.45088354442393,0,86,607,24.4,30,86,7.35023344003807,86,0.5,587.538233,723725,7.4,7.3,0.431,9.5
73.3,144,0,8.25,780.4459281,97,0,46.5,0,98,6.15,97,0.1,7955.615985,2651.84819482998,3.8,3.8,0.746,15.8
72.7,157,3,6.14,34.73924576,87,0,44.9,4,85,7.6,89,0.1,359.992184,647117,2.1,2.1,0.654,11.9
82,75,0,11.12,6478.346135,90.3121784237676,700,51.3,0,95,1.28,93,0.1,38538.64447,7229854,0.7,0.5,0.888,15.2
73.1,167,10,6.89,0,6,2392,54.7,12,81,4.93,65,0.1,73.3807829707394,1202.0290817333,1.7,1.7,0.684,11
68.9,243,1,12.6,364.426052,98,149,57.2,1,97,6.34,99,0.1,3848.215966,964924,2.2,2.4,0.723,14.6
81.6,61,2,7.25,5243.316638,96,351,6.5,2,96,9.41,96,0.1,36976.84512,5995365,0.5,0.5,0.868,16.3
81.7,58,1,0.01,1491.703605,92,140,61.6,1,96,1.9,96,0.1,52157.4687,168658,1,0.9,0.923,18.1
49,43,93,1.14,47.17250718,39.9018527955074,7375,16.5,136,69,6.16,7,12.2,277.6486591,1867687,4.2,4.1,0.291,5.4
78,1,1,4.04,1070.268999,86,1,48.3,1,88,8.45,88,0.1,4167.71417,4125971,2.2,2.1,0.715,12.1
48.6,46,45,0.42,8.936064632,36.0628857400483,2,15.4,79,37,3.91,25,5.2,66.2421396,1679,1.5,1.4,0.306,5.6
73.8,88,1,0.03,2078.392748,99,0,67.5,1,99,1.93,99,0.1,55571.9986,18524.1666097828,3.3,3.1,0.787,13.8
59,27,40,4.64,88.97040214,88,375,18.2,66,89,5.91,88,0.7,699.452847,1772723,8.4,7.9,0.392,7.5
72.5,146,0,2.05,568.8692813,87,0,7.8,0,88,5.82,87,0.1,2932.315883,12357,0.1,0.1,0.698,14.5
68,282,18,6.39,0.661540371,97,6,17.1,28,97,7.66,97,3.7,5.6687264,978169,6.7,6.6,0.438,10.4
63.5,276,2,8.3,805.3925284,82,2,34.6,3,8,3.13,82,4.9,9774.18117,1756817,6.3,6.2,0.669,12.5
80,56,0,10.55,2159.756205,96,1,58.7,0,99,7.44,99,0.1,28951.15556,113562,0.9,1,0.85,13.8
73.6,133,0,4.3415091037645,527.3076721,73.6,0,55.7,0,73.6,8.46,73.6,0.1,3674.617924,614261,2.3,2.3,0.746,12.8
43.3,48,30,3.83,42.08892911,59.0651804035374,29,19.2,47,67,12.25,65,2.2,287.6891942,5658379,9.3,9.3,0.341,7.8
54.3,369,27,0,0,54.3,0,25.7198650480512,42,54.3,0,54.3,4.2,1264.78998,967667,0,0,0,0
63,328,29,2.41,20.62306285,79,35,22.3,42,74,4.99,79,4.8,185.793359,1515321,6.4,6.2,0.565,12.5
54.5,277,54,0.11,43.42193066,52.3872090419841,59,15.7,110,52,7.39,51,1.5,258.463873,1413264,11.6,11.5,0.286,3.7
77.6,119,0,1.31236421804672,0,91,4,59.9,0,93,1.9,93,0.1,1774.9291,131547,1.9,1.9,0.863,16.5
73.9,147,3,0.01,561.7684701,87,0,49.4,3,83,9.81,87,0.2,4712.822736,6552584,2,1.9,0.688,12.3
78.4,81,1,9.68,3455.197053,91.3556856844595,3,53.4,1,97,8.34,97,0.1,28817.32321,16148929,1.1,1,0.882,16.9
56.1,339,3,9.93,1192.696619,52.5484421701999,0,22.1,4,59,3.84,44,7.2,17136.44568,95114,9,9,0.589,9.2
64.6,217,0,0.49,70.75572222,79,0,69.7,0,96,9.1,77,0.1,826.58554,87343,0.2,0.2,0,11.7
66.4,21,40,0.01,45.33788677,88,122,22.9,52,88,2.28,88,0.3,1262.893782,51924182,12.9,13.1,0.547,9.1
75.4,83,19,0.01,0,99,99,58.5,22,99,6.89,99,0.1,57.5618311220986,60.5009408796067,8.3,8.4,0.77,14.9
71.5,165,17,4.43,404.4205858,8,3,47.5,21,83,5.96,8,0.1,2395.856551,498899,2.5,2.3,0.653,11.4
67.6,187,1000,3.11,67.67230438,7,13822,17.5,1300,82,4.53,83,0.2,1452.195373,127856227,26.8,27.5,0.599,11.5
73.6,163,9,8.27,0,71,78,57.1,11,73,4.85,71,0.1,74.0129082086858,44.50081868745,1.6,1.6,0.714,12.4
83.1,55,0,1.79,0,96,0,33.2,0,96,2.03947570373683,96,0.1,53629.73746,17876.4187136047,2.2,2.2,0.924,15.4
56.6,343,26,1.71028169825502,46.0744686,45.9663909858103,441,21.1736848431479,39,44,2.74,39,3.5,1151.861715,1153971,1.64247693935678,1.64406895672107,0.421,4.9
78,16,1,4.15,1185.412346,88,0,51.4,1,89,7.82,89,0.1,5245.187372,438794,2,1.9,0.727,12.6
65.5,26,0,0.53,30.46703899,95,0,75.7,0,95,1.42,99,0.1,1692.613277,14656,0.1,0.1,0.585,11.9
65.8,232,3,0.01,796.8734263,84,86,33.3,4,84,8.24,84,3.7,5749.44752,2263934,9.5,9.4,0.619,11.5
79.9,77,0,9.51,3682.88717,95,1,62.4,0,99,9.76,99,0.1,31997.2821,1177841,0.8,0.7,0.853,15.9
72.6,154,0,7.91,145.8401998,97,0,43.9,0,94,6.41,97,0.1,7365.666659,2455.20018440011,3.8,3.8,0,15.8
58.7,276,3,0.5,49.06967155,58.7,0,11.9,4,58.7,3.26,58.7,0.1,422.28633,87167,12.2,12.2,0,0
72.5,169,3,3.64,275.064434,97,0,48.6,3,97,6.98,97,0.2,1518.85386,559456,1.9,1.8,0.607,11.1
75.4,124,1,5.86,27.46880965,95,0,56.3,1,93,7.18,95,0.1,488.768855,3327773,1.7,1.7,0.746,14.7
59.1,297,22,0.01,41.25159038,95,0,18.2,32,95,7.54,95,0.7,312.7489794,989179,7.4,7.3,0.404,10.6
66.9,194,0,0.01,8.198047581,96,0,28.5,0,96,8.6,96,0.5,138.949959,182889,5.9,5.7,0.553,10.8
79.3,81,0,9.95,2785.139364,93,122,6.5,1,96,9.36,96,0.1,22551.73574,1987314,0.8,0.7,0.839,15.6
75.5,17,16,1.45,181.9083783,96,565,65.3,19,96,5.41,96,0.1,12127.22522,773628,4.9,4.7,0.759,14.5
74.1,9,8,0.09,196.3808305,98,294,65.6,9,98,3.86,98,0.1,2533.9462,945.643927623983,7.5,7.4,0.818,14.5
61.6,288,11,0.82,20.53327531,66,0,44.2,14,79,4.36,73,1.1,1166.66337,6947447,1.4,1.3,0.477,9.2
55.6,317,31,0.16,10.3839337,55.2747315942041,4,19,49,53,3.2,57,2.6,296.68382,9881428,9.1,9.1,0.356,7.1
75.6,127,35,5.21,1033.039737,93,0,6.1,40,95,6.39,95,0.1,8959.581416,117318941,1.6,1.6,0.739,12.5
74.6,142,3,2.56,41.62053588,99,2107,21.9,3,99,3.68,99,0.1,361.289374,2585,15.2,15.1,0.757,13.8
73.4,135,3,0.46,297.5913833,96,1407,3.7,4,96,3.29,96,0.1,5593.822995,25659393,9,8.8,0.734,12.9
73.6,157,6,6.05,587.8828228,8,0,52.6,8,85,4.41,82,1.2,4952.67753,9767758,3.4,3.3,0.695,12.9
68.3,181,910,11.9184384067009,0,87,90387,18.7,1100,86,26.9985993597715,87,0.2,1613.18878,1395398,26.7,27.3,0.615,11.6
72.3,134,1,3.74,7.132564768,64,6847,48.1,1,66,8.53,78,0.1,127.367228,4245,2.8,3,0.694,12
85,78,0,9.53,259.7786785,91.9654224109997,1,58.9,0,95,9.29,95,0.1,2315.31799,259953,1.4,1.4,0.878,16.8
61,296,2,8.87,218.1727473,49.5302172565665,15,28.1,3,44,2.89,45,9.5,4116.46693,1231122,8,7.8,0.637,12.2
54.2,318,51,0.01,0,42,3173,23.3,81,47,4.08099739813409,42,0.8,47.5432354,1100.54432492209,6.8,6.6,0.381809237633082,3.0374121916406
68.1,187,138,0.08,190.5453646,83,18869,22.9,167,82,2.74,81,0.3,3113.48635,242524123,1.6,1.5,0.656,12.1
63,232,49,0.01,29.75517982,71,272,18.1,90,71,6.11,71,0.7,391.515524,17731634,1.3,1.1,0.331,5.1
72.6,11,1,3.66,91.71154052,96,662,45,1,97,6.26,97,0.1,1175.788981,38927,2.1,2.2,0.656,10.7
75.3,1,1,5.61,36.62206845,99,0,52.6,1,99,5.87,99,0.1,437.539647,2947314,1.6,1.6,0.713,12
76.2,131,0,8.56,2422.999774,99,0,47,0,96,5.54,99,0.2,12888.29667,4296.0603331299,3.3,3.3,0.782,13.9
75.8,122,1,5.53,623.9100503,92,0,5.3,2,88,7.48,92,0.1,4916.54886,333465,2.1,2.1,0.74,12.9
74.9,126,1,9.38,742.5109709,97,0,58.3,1,93,9.89,91,0.1,5659.3824,719977,2.1,2.1,0.767,14
72.7,134,1,3.03,7.341493148,93,4,48.1,1,96,5.56,94,0.1,93.1661567,31786,2,2.1,0.657,10.8
73.4,16,0,1.6,611.9093566,97,37,17.3,0,96,5.89,96,0.1,3853.33348,312,14.5,14.6,0.617,12.2
68.5,199,0,4.99,262.8299189,97,0,42,0,93,4.38,89,0.1,3556.561825,26226,3.7,3.6,0.678,11.9
62.1,234,11,5,0,5,1678,16.1,15,46,4.14,5,0.2,75.6001859388691,846.520320555661,9.7,9.8,0.509,9
81.6,66,0,8.7,0,92,10,67.5,0,92,3.6193563693054,92,0.1,3821.8937,1277.28656277101,0.4,0.3,0.913,19.2
74.2,17,1,1.64,262.9589578,92,69,54.1,1,94,2.38,94,0.1,3371.26869,1147.0801364296,5.4,5.1,0.791,11.8
76,172,0,2.88,42.12368374,44,0,72,0,45,5.4,49,0.1,335.112838,184826,0.2,0.2,0.691,12.9
82.7,56,1,0.759233996845584,0,93,159,63.6,2,93,0.6,93,0.1,349.14755,673582,0.6,0.6,0.881,16.3
56.7,295,87,0.01,11.08905273,65,798,13.4,122,41,8.82,41,0.1,198.7285436,2364851,19.7,19.9,0.373,6.5
53.1,336,51,0.01,0,46.9939155529602,9983,22.9,82,47,4.11127922147327,42,0.8,119.565563573931,5032.62098245436,6.8,6.7,0.381809237633082,3.08335167861542
57.4,41,3,5.73,35.80978512,49.3627235135474,469,24.5,4,8,6.11,79,22.8,257.99557,1899257,15.7,15.9,0.559,11.5
65.9,177,11,0.38,2.093721752,81,4,33,13,82,5.7,86,0.3,39.281834,6712841,3.9,3.9,0.563,10.5
59.9,268,66,0.01,73.21924272,64,430,18.1,89,62,8.13,64,0.1,631.744976,31731688,17.7,17.7,0.47,9.9
55.5,41,88,9.65,6.002527685,73,3776,15.2,137,7,9.76,73,8.4,41.858631,359487,6.3,6.3,0.442,10.3
86,71,0,0.99969958205812,0,90.8757956876998,9,58.8,0,93,1.00046688007615,93,0.1,5314.64416,5683483,1.1,0.9,0.923,19.2
47.9,578,36,2.46,8.369851529,72.673739548443,35,18,59,84,7.33,83,17.6,53.2772217,11731746,7.2,7.1,0.456,10.5
64.4,261,5,0.01,0,94,127,18,8,94,3.34,94,0.4,112.285719376147,67.5014540866648,8.5,8.3,0.416,5
73.9,118,23,1.4,106.9482898,94,4,61.1,27,96,6.8,96,0.1,936.499911,71339185,4.9,4.8,0.709,12.5
55.3,316,12,4.19,22.39648813,40.4668806638096,8,22,16,66,8.4,6,3.1,168.648254,326123,8.3,8.3,0.372,10.1
63.2,266,2,2.87,61.84921903,95,10677,39.1,3,95,5.45,95,0.1,524.145924,2419776,2.5,2.6,0.588,9.4
73.1,13,391,2.96,122.9365349,75,71879,22.6,467,87,4.82,86,0.1,1288.642924,12884,5.3,4.7,0.61,9.9
81.4,64,0,1.7,3404.13099,97,18,31.2,0,97,3.91,97,0.1,39721.4818,13246.375275359,2.1,2.1,0.88,14.2
69.9,188,0,2.14925895481254,0,99,0,62.7,0,99,3.85070032011422,99,0.1,4921.89629,892149,4,3.7,0.734,15.3
68.3,214,0,4.55,4.23257668,79.6071485405356,0,5.4,0,84,6.88,85,0.9,36.48773,49363,3.5,3.5,0,11.1
62.8,235,71,0.41,3.421880938,75.7095187349894,736,14.6,96,84,2.5,79,0.4,143.77651,471422,13.3,13.7,0.435,7.6
73.1,119,4,0.61,535.2786404,97,2,6.1,4,98,8.78,97,0.1,3385.69665,6489822,3.8,3.8,0.739,13.6
61.3,273,1,0.44,187.4960097,88,7,32.2,2,88,8.84,88,3.1,1325.99724,851146,5.6,5.6,0.441,5.5
82.5,58,0,1.02886595356809,0,96,80,64.9,1,95,1.15023344003807,95,0.1,35729.37253,8381,1.2,1.1,0.898,16
84,76,0,8.2,2528.992935,98,3,64.9,0,99,9.24,99,0.1,22242.68193,114511,0.8,0.7,0.858,16.8
75,139,0,9.97,0,99,0,46.7,0,99,6.72,99,0.1,75.2757829541457,0,4.3,4.3,0.723,13.1
74.1,172,0,10.49,0,93,0,58.1,0,93,5.95,93,0.1,83.8169542006522,0,2.6,2.5,0.786,12.4
72.9,14,0,0.96,7.033980828,82,0,73.3,0,84,4.6,82,0.1,445.18866,14577,0.1,0.1,0.712,14.4
74.9,156,0,15.04,1717.088711,95,0,57.1,0,95,6.93,95,0.1,14726.31828,1334515,2,2,0.836,16.1
75.4,1,0,8.82,294.9056584,94,0,53.7,0,95,7.47,94,0.1,15359.66971,5119.84395305729,3.8,3.7,0.793,15.3
67.3,171,10,0.32,43.34099958,93,0,36.6,12,95,6.4,93,0.2,738.3475227,764163,3.7,3.8,0.603,11.1
78.1,98,0,9.25,3099.357319,90.9858699403875,0,56.6,0,95,7.81,98,0.1,26834.2625,52598,0.9,0.8,0.863,18
74.2,147,0,10.87,0,97,0,43.8,0,97,8.1,97,0.1,77.1738783310263,0,4.3,4.3,0.724,12.8
65,212,0,0.76,18.19457876,88,0,72.8,0,86,1.93,86,0.1,1151.555618,9426,0.2,0.1,0.576,12.1
69,279,1,0.49,177.2671607,89,48,31.7,2,89,8.37,89,3.2,1253.657431,83684,5.7,5.6,0.436,5.3
72.1,174,6,5.93,857.1307037,74,0,55.8,7,85,4.26,85,0.4,5968.876767,115495,3.3,3.2,0.706,13.1
68.1,192,0,1.21,244.3976438,92,0,45.5,0,98,7.92,92,0.1,1158.282672,51679,1.2,1.2,0.494,9.3
67.9,199,32,0.01,43.5240801,62,1317,58.5,39,67,5.54,64,0.1,673.74737,3568,5.3,5.1,0.658,10.1
53.6,377,27,0,0,53.6,0,25.388301410231,42,53.6,0,53.6,4.2,1678.711862,9263136,0,0,0,0
61.8,286,10,0.79,18.99961966,56,0,44.9,14,72,4.18,67,1.1,1366.879112,718239,1.4,1.3,0.485,9.6
67.7,219,0,4.23,191.2135044,66.9336420148281,0,48.3,0,65,8.38,68,1.8,1598.77512,47774,3.6,3.5,0,11
72.7,16,5,1.68,53.61278637,90.3225186998293,309,14.6,6,98,3.81,98,0.1,837.699787,18797,15.4,15.6,0.686,12.5
75.5,79,0,2.1,170.7374027,98,3,56.8,0,98,3.8,98,0.1,1937.99549,646.992727848972,6.1,5.9,0.81,14.2
65.7,222,12,2.86,0,85,0,46,16,84,5.67,85,0.2,97.103105939904,7.99980449254927,1.3,1.2,0.622,14.4
47.8,592,5,2.75,91.85432774,88,0,28.8,6,86,8.85,88,27.3,934.428563,199993,8,7.8,0.447,10.7
62.1,23,22,0.32,8.309152927,94,11,2.3,36,93,4.72,94,0.7,95.3978522,11873557,11,1.9,0.425,6.8
54.8,491,2,6.45,76.31867911,93,6,33.2,3,96,4.93,96,14.4,5374.554867,1884238,9.6,9.4,0.61,11.9
44.6,613,43,1.08,4.375316094,84,167,15.2,70,85,6.35,84,24.2,26.152517,12336687,7.6,7.5,0.362,10.3
71.9,138,2,0.01,472.3047034,97,292,56,3,98,2.71,98,0.1,8171.361651,2822.09890024441,5.5,5.4,0.748,15.7
51.8,412,60,4.64,67.63925302,66.2415886254854,899,22.3,95,72,4.97,73,7.7,824.8689393,16513822,7.2,7.3,0.452,8.1
72.8,126,28,1.29,103.523776,82,34,58.5,34,9,5.81,9,0.1,834.869161,6876345,5,4.8,0.687,11.9
70,226,0,14.09,434.7985025,98,0,58.7,1,98,6.9,96,0.1,5176.172649,956765,2.1,2.2,0.771,15.4
77,116,0,1.09993166628832,0,95,0,64,0,95,1.45023344003807,95,0.1,15524.84247,3431552,1.5,1.4,0.794,15.5
58.1,278,14,5.16,0,55.105191403194,332,12.3,20,57,3.41,51,0.1,104.065081872521,176.003812395289,1.5,1.5,0.459,8
76.7,17,3,11.45,0,89,23060,25.2,4,99,4.76,97,0.1,36.0522044352028,11532.2817262365,1.6,1.1,5.65504364047905,5.93836180024363
78.7,9,0,12.5,3979.057728,81,0,51.2,0,82,1.27,83,0.1,26351.37568,881957,1.7,1.9,0.847,16.1
71.8,123,21,0.51,171.3658969,97,1455,51.7,24,99,5.41,99,0.1,2884.94776,31596855,6.4,6.3,0.589,10.3
52.3,375,513,8.75,187.5733187,46,18843,22.8,802,48,3.69,48,4.7,2527.9423,16287776,11,1.9,0.5,9.6
77,14,0,11.34,4801.546125,91.6273870630994,32,53.3,0,98,9.33,98,0.1,33228.69291,5375931,1.2,1,0.875,16.6
72,165,54,0.23,0,93,245,58.6,64,93,5.29,93,0.1,81.6027102216463,154.502211678036,2.9,2.8,0.673,12.4
73.8,128,0,0.01,660.2777923,56,0,74.3,0,58,7.22,63,0.1,4178.973369,19229,0.2,0.1,0.701,12.9
52.9,279,56,0.11,20.86118432,46.6544455847782,63057,15,118,45,6.61,43,1.6,232.5661574,1312712,12.1,12,0.27,3.1
78,96,0,12.89,7877.33656,86,0,54.6,0,99,7.4,99,0.1,48179.4285,441525,1,1,0.854,13.4
81,84,2,7.2,2442.222054,9,0,62.5,2,9,7.53,91,0.1,15941.39722,17462982,0.8,0.8,0.831,15.6
71.3,145,21,0.25,154.4559436,81.5391709441696,0,44.4,25,86,3.49,86,0.1,1757.17797,3118366,6.5,6.4,0.636,10.7
77.7,11,0,13.33,2813.985285,94,7,54.1,1,93,9.98,93,0.1,18784.9485,15333,0.7,0.6,0.79,15.4
83,76,0,11.42,2052.393076,95,0,58.8,0,96,8.11,99,0.1,13198.6693,497783,0.9,0.9,0.888,13.5
73.2,168,0,2.9125550516604,0,98,0,37.4,0,97,5.84929967988578,97,0.1,1539.464,93419,5.7,6,0.781,14.1
68.5,211,52,0.818099242037607,0,6,619,25.4,66,79,5.32969071668749,6,0.1,2878.33837,11716359,1,9.7,0.679,11.7
48.5,45,44,0.34,72.38451279,32.5961572280905,10324,15.1,78,31,5.72,21,5.2,454.6765879,97143,1.7,1.6,0.301,5.6
76.8,114,28,8.21,0,9,85,6.1,33,9,13.7,94,0.1,65.7865958170237,59.0006353992149,0.8,0.7,7.52123796967819,8.25649215326449
75.8,133,1,3.83,427.3054534,92,0,53.5,1,93,5.36,92,0.5,4855.743789,286287,1.8,1.7,0.727,12.8
59.2,296,59,0.3,9.53048032,85,333,18.3,96,85,1.87,85,0.6,643.951373,49479752,13.2,13.4,0.493,8.2
68.9,219,4,2.88,332.1056586,75,2,46.2,4,94,8.2,92,0.4,2338.772244,595962,2.1,2,0.615,11.6
82.2,6,1,2.62,4348.33531,97,6,64.6,1,95,7.81,95,0.1,37582.84624,82157,1.2,1.1,0.895,16
81.3,7,2,10.24,5596.535203,97,297,62.3,2,97,8.8,97,0.1,35578.73619,4595416,0.6,0.5,0.854,16.1
65.4,215,0,4.36,62.8565863,99,0,25.4,0,99,5.66,99,0.9,1126.46212,166913,6.5,6.4,0.531,10.4
67.4,232,1,0.17,27.48907048,93,6,19.5,1,93,6.3,93,0.4,177.234497,714458,16.8,17.5,0,10.9
74,131,3,0.47,431.5452472,96,153,34.4,4,97,3.97,97,0.1,7326.744435,2765383,8.3,8.2,0.756,12.6
68.5,166,9,3.13,0,92,3550,28.7,12,99,4.57209126306414,92,0.1,81.6027962047984,1781.04323158504,5.5,5.5,1.70394684806552,4.21876584130322
58.3,34,14,1.44,39.08258546,85,187,22,21,85,5.21,85,2.6,562.3393592,6679282,7.1,7,0.457,11.5
52,299,59,0.54,6.660451777,79,232,17,106,67,6.25,63,2.2,391.791281,125128,1.3,1.2,0.318,5.2
69.3,191,0,5.53,78.72216127,76,0,36,1,91,5.13,91,0.5,884.518666,128452,6.4,6.9,0.729,12
73,142,6,0.01,0,93,3,32.4,8,99,2.98545412505639,93,0.1,74.3273371477698,5.49993890392165,4.9,4.9,0.0523580144138954,2.25644091306867
74.9,98,1,2.55569023149402,0,81,39,66.1,1,75,4.9,81,0.1,846.632851,5851479,4.9,4.9,0.763,13.3
51.3,385,25,6.09,10.61917585,69.0613425881635,0,13,40,72,4.96,81,5.3,133.7427689,6555829,8.8,8.8,0.268,4.5
75.7,12,0,1.33273013619601,0,92,1,6.3,0,92,2.1,91,0.1,32.5731940813916,0.500012219215671,2.1,2.1,0.746,12.9
74.7,14,7,3.63,19.60467787,94,0,48.6,9,95,5.94,96,0.2,359.71886,1425453,1.4,1.3,0.696,12.9
51.2,364,46,0.5,43.57328908,39,194,17.1,80,43,2.95,39,4.1,896.5697341,1188722,9.4,9.3,0.36,6.7
78.3,78,0,2.03,1855.828806,97,141,28.5,0,98,2.71,98,0.1,23792.677,7977.82251423503,2.1,2,0.81,12.5
68.7,171,0,1.76,0,88,0,66.4,0,85,13.83,85,0.1,80.970756950004,0,0.2,0.2,0.633,11.5
71,184,0,5.1,0,31,0,42.9,0,99,3.91,99,0.4,89.5102085334692,0,3.8,3.8,0.682,13
58.8,284,27,0.01,5.140668848,63,53,22.2,41,63,5.49,63,1,54.169324,11536615,7.7,7.6,0.406,8.5
73.7,121,0,7.65,13.5139917,91,0,45.4,0,9,5.82,89,0.4,1228.5447,409.511224662628,4.1,4.1,0.753,14.2
67.6,167,14,3.08,0,76.4711889362291,0,26.2,18,99,4.79590605984847,64,0.1,73.064548385462,8.99978005411792,5.9,5.9,1.67747907829546,4.37549353268991
68.7,174,10,1.13953016453105,0,89,0,19.6,12,87,1.9,89,0.2,1163.18977,15517635,1.9,1.9,0.558,10.9
76.7,73,0,1.83,91.13971812,97,0,22.1,0,97,7.93,96,0.1,633.79498,367,14,14.1,0.653,11.6
72.7,174,0,0.01,177.2633961,99,0,34.8,0,98,4.8,98,0.1,12845.17363,8833,5.7,6.1,0.755,13.5
67,322,6,0.49,11.76572311,94,0,15.1,9,94,3.69,94,1.1,326.825642,4232636,9.1,9.1,0.406,5.2
68.5,183,19,2.83,140.6905284,99,476,41.4,22,99,5.65,99,0.1,1564.966945,293394,3,3.1,0.664,12
74.2,111,0,1.72,0,97,27,56.4,0,96,6.85,95,0.1,65.1538686970128,13.5003299188231,2.4,2.4,0.714,12.2
81,54,0,9.04,212.0859259,96,0,59.2,0,99,7.46,99,0.1,2797.96736,1143896,0.9,1,0.85,13.8
73.9,154,0,0.01,915.1859205,98,0,31.8,0,98,4.76,98,0.1,9291.227619,1255882,7.1,7,0.756,14.3
69.4,153,8,3.39,0,94,0,3.8,10,99,4.46077805111963,94,0.1,78.1230979857707,4.99987780784329,5.1,5.2,1.84157925086982,4.22150471424423
69.4,166,0,0.447634365201139,0,78,0,69.4,0,71,0.2,72,0.1,75.2781044992514,0,0.2,0.2,0.637,11.7
81,69,0,10.55,9495.540576,90.0087206648676,39,52.8,0,95,1.96,93,0.1,53255.97631,7389625,0.6,0.4,0.895,15.1
77.5,99,0,12.69,0,99,0,63.6,0,99,7.43,99,0.1,62.6229602169692,0,1.9,2,6.98823827331226,7.64254442867861
72.5,184,1,13.29,8.98619805,90.6332625033153,0,57.1,1,98,7.47,99,0.1,665.6443,115868,2.2,2.2,0.775,14.6
82.8,59,1,0.790967462409117,0,93,74,66.6,1,93,0.6,93,0.1,56554.3876,23789338,0.6,0.6,0.937,20.4
64.9,23,9,0.01,0,87,71,2.1,12,86,2,87,0.3,34.7877819930058,41.5007209337246,9,9.1,0.563,10.4
73.8,129,20,0.44,320.3239241,9,0,5.8,23,95,3.82,95,0.1,3935.183343,34376,6,5.9,0.69,12.3
63.3,248,6,2.85,2.19888585,99,0,4.7,8,99,3.51,99,0.1,174.51475,4754641,3.4,3.4,0,10.3
74.6,143,0,10.43,0,99,0,44.5,0,99,7.58,99,0.1,76.5410652278633,0,4.3,4.3,0.733,12.9
81,67,1,10.3,579.1331637,95,10,61.5,2,92,8.45,92,0.1,3416.71483,23948,0.7,0.6,0.91,20.3
58.8,272,238,0.01,0,74,88381,2.6,314,74,3.89,74,1.2,109.440553923324,44348.5761096665,9.9,9.6,1.68593480917,4.21003048737892
74.8,12,3,1.28,64.85616718,98,1,56.5,3,98,6.54,98,0.1,414.15177,1639931,6.3,6.3,0.71,14.4
82.5,64,3,7.39,9498.729062,92.2747556101156,434,27.4,4,96,1.7,97,0.1,48167.99727,127833,1.9,1.6,0.884,15.1
73.4,125,0,7.38,138.1664627,18,0,43.8,0,93,5.47,84,0.7,11513.87189,3837.92285155152,4.2,4.2,0.75,14
78.6,92,0,12.4,3582.848308,44,0,5.6,0,83,1.12,84,0.1,24489.73553,842293,1.7,1.9,0.837,15.5
74.4,121,1,3.89,274.1526986,95,0,52.6,1,96,4.48,95,0.1,3684.8481,2881922,2,2.1,0.732,12.7
74,141,0,10.81,0,99,0,53.1,0,99,7.4,99,0.1,75.9084240910045,0,1.4,1.5,0.784,14
72.5,177,13,6.26,321.1953005,96,3526,22.6,15,98,3.55,98,0.5,2893.651356,6542547,8.9,9.1,0.682,12
69,227,49,0.01,31.50243237,67,1224,18.5,89,56,5.9,67,0.6,416.14838,18426372,1,9.9,0.341,5.3
58.9,296,41,1.5,78.71123825,84,435,22.4,62,85,4.51,84,3.1,498.172394,215429,8.1,8.1,0.499,8.1
73.8,137,30,2.03,0,80.1626677484975,6755,1,39,92,4.7,75,0.2,67.0535117706305,3397.08206425245,15.6,16.3,0.584,10.7
86,92,3,12.4,5689.991931,39,40,58,4,99,1.53,99,0.1,36544.5853,63621376,0.6,0.6,0.87,16.1
77.9,7,0,1.2,515.0734795,97,73,67.7,0,99,2.15,97,0.1,8834.87958,2969.26746660709,5.1,4.7,0.843,13.4
78,95,0,1.11636506809801,0,94,206,63.7,0,94,1.45023344003807,94,0.1,11579.6674,42364,1.5,1.4,0.823,15.3
67.7,179,0,2.02,0,8,0,63.2,0,82,1.64,78,0.1,81.2876794004979,0,0.2,0.2,0.616,10.5
57.5,427,2,6.56,476.8625872,94,0,34.2,3,96,5.55,96,12.7,5623.379566,1946351,8.8,8.6,0.646,12.1
88,73,0,12.04,8272.306757,89,68,55.7,0,89,1.94,89,0.1,51126.74139,8391643,1.7,2,0.88,15.7
75.3,92,1,1.79,3427.320332,92,29,56.6,1,94,2.32,94,0.1,39439.8197,13156.4888507295,5.1,4.9,0.818,12.6
73.7,89,1,0.03,2555.303869,99,0,67.1,1,99,2.13,99,0.1,45793.97614,15264.8550418982,3.2,3.1,0.787,13.9
74.1,131,1,9.85,820.8109098,93,1,56.4,1,97,9.9,95,0.1,5821.35397,73287,2.3,2.3,0.754,13.6
65.6,229,0,7.56,536.2332523,93,0,43.2,1,93,6.8,93,0.4,3439.597513,7491,5.6,5.3,0.624,10.3
78.6,97,1,4.1,1002.833273,9,1,5.3,1,91,7.74,91,0.1,4697.11135,4247841,2,2,0.723,12.4
71.2,17,4,6.66,233.8488603,57.5899010248618,0,39.8,5,9,7.61,89,0.1,1417.26582,546624,2.5,2.4,0.624,11.8
63,262,2,0.25,77.0283958,69,85,19.6,2,69,4.57,69,0.1,648.38717,626425,7.4,7.3,0.451,9.9
75.3,115,0,6.56,635.4849381,9,5,59.1,0,93,6.9,94,0.1,6682.281158,619428,2,2,0.787,15
69.3,198,9,3.93,0,95,0,49.9,11,95,5.49,95,0.2,92.6737581503716,5.49986558862762,1.2,1.1,0.649,13.8
64.2,263,1,0.96,2.586698228,89,3,16.1,1,9,4.41,89,0.3,197.45788,64282,18,18.8,0,8.8
74,15,1,3.63,194.092569,97,0,47.2,1,99,4.22,95,1.5,4313.1682,276279,1.9,1.7,0.709,12.5
68,299,11,0.64,126.6142137,71,1,41.9,14,67,5.92,72,1.5,854.346921,647272,1.4,1.4,0.454,8.2
73.3,165,1,3.67,192.3226305,98,0,45.4,1,97,4.8,98,2.3,3719.97351,2728777,1.9,1.8,0.689,11.1
74.2,171,0,11.07,0,96,0,58.7,0,94,6.93,95,0.1,84.1331028027775,0,2.5,2.5,0.788,12.4
75,12,0,4.56,45.71354264,93,23,5.5,0,95,8.5,93,0.1,2968.41186,378153,2.9,2.9,0,12.5
59.4,288,41,1.7,129.0263364,84,420,23,62,84,4.64,84,2.9,922.9351677,22113425,7.9,7.9,0.51,8.7
74.2,99,1,5.31,3.3021542,98,68,5.8,1,97,5.86,97,0.1,35.1293,2992547,1.7,1.8,0.696,11.4
87,76,0,10.46,31.13492794,92.5723379287998,52,59.5,0,95,9.23,95,0.1,242.67286,26198,1.4,1.4,0.888,17.6
72.6,141,1,7.38,11.85928108,89.1778668581413,38,51.2,2,98,6.53,95,0.1,87.1365252,7516346,2.8,2.9,0.702,13
51.6,365,46,0.56,67.76269089,33,8650,17.5,79,4,3.17,33,3.9,989.2363633,12288651,9.2,9.1,0.37,6.7
69.6,169,0,0.85,334.1673373,63,0,44.1,0,67,4.12,69,0.1,1787.94723,24143,1.6,1.5,0,10.7
78.7,96,1,4.18,95.67571176,96,0,59.9,1,99,9.48,99,0.1,676.15344,225.715783889647,3.4,3.3,0.773,14.7
57.9,278,239,1.82,0,74,133802,19.6,319,77,3.53,74,1.6,111.3384773339,67062.1310575654,1.2,1,2.32601049844737,2.25942751777319
75.7,136,2,10.7,1299.159757,98,115,57.8,3,96,7.12,99,0.1,11527.59323,3815163,2.1,2.3,0.818,15.1
76.3,118,0,6.21,2331.532804,95,0,61.2,1,95,8.63,95,0.1,11938.212,3374415,1.5,1.5,0.777,15.6
76.5,8,1,1.75,3663.764502,96,132,58.6,1,96,3.45,96,0.1,42112.23565,14081.6204990048,5.1,5,0.826,13.3
78.8,82,0,5.49,6356.827282,87.2978153414197,4,54,0,91,8.65,91,0.1,38549.58934,4513751,0.8,0.7,0.917,17.5
78.9,99,1,4.22,1859.095621,89,0,53.4,1,89,9.1,9,0.1,6911.136136,442958,1.9,1.8,0.74,12.9
62.7,28,8,0.01,8.88028118,8,62,29.4,12,8,3.63,8,1.1,145.57838,394617,8.1,7.9,0.501,8.2
45.5,69,41,2.44,54.04348047,72.6419831681829,25036,17.3,66,85,6.93,84,18.4,377.135244,111249,7.4,7.3,0.433,10
73.1,11,9,0.05,1117.048134,97,373,6.2,10,96,3.42,96,0.1,13739.82945,4707.57224229358,7.2,7.3,0.761,12.4
73.3,137,1,3.96,201.1855461,93,0,5.7,1,94,4.55,93,0.1,2993.832531,2888584,2,2.1,0.725,11.9
67.4,211,10,3.77,0,88,0,48,13,87,5,88,0.2,94.5722834430125,6.49984115019628,1.3,1.1,0.632,14
68.5,186,0,0.99,229.6687488,99,0,47.2,0,99,5.8,99,0.1,1642.837974,539614,1.2,1.2,0.497,9.4
73.3,122,23,0.03,0,99,262,52.5,27,99,7.63,99,0.1,69.8983332908457,144.502871515683,7.7,7.9,0.728,12.8
65.2,211,52,0.28,11.05247903,91,329,19.1,69,9,2.5,9,0.6,741.777116,49869,13.1,13.4,0.504,8.5
76.1,97,0,4.75,645.021302,9,22,52.6,0,9,9.64,9,0.1,4697.89732,3746561,2.7,2.7,0.716,13.3
77.5,8,0,4.51,428.7490668,98,0,57.2,1,98,5.88,98,0.1,4575.763787,288914,1.2,1.3,0.761,14.2
79.9,71,0,6.9,3998.09987,93.2039568050095,9,53.9,0,99,9.23,99,0.1,29571.7446,8924958,1.3,1.3,0.88,15.9
73.2,95,0,0.01,113.1997845,99,0,64.5,1,99,3.61,99,0.1,1654.96761,551.984245650814,3.2,3,0.786,14
75.8,76,0,2,231.5478912,97,2,58.5,0,97,3.17,97,0.1,2367.56535,789.84805309773,6,5.9,0.815,14.4
78.7,83,1,8.62,1403.022211,9,12,58,1,9,8.47,91,0.1,12538.17883,1862132,0.9,0.8,0.801,14.2
54.7,355,15,1.02,2.995959823,66.7501807710295,295,17.9,22,72,5,72,5.2,31.437144,539141,8.8,8.7,0.428,9.9
88,7,0,12.26,7878.372355,92,36,56.1,0,92,11.17,92,0.1,48333.57273,8429991,1.8,2,0.884,15.7
67.8,231,1,0.01,253.8285861,99,0,49.2,2,99,4.22,99,0.1,4368.82248,2814226,2.2,2.3,0.712,14.7
52.1,3,5,2.84,6.699418747,50.916039710092,0,17.4,9,52,4.94,49,3.1,297.7519443,1243229,1.2,1.2,0,6.4
74.1,152,51,7.58,1084.999766,98,43,52.8,57,98,8.9,99,0.1,13167.47289,198686688,2.9,2.8,0.724,14
79.4,8,2,7.6,3665.089703,85.7616986287258,34,58.5,2,88,9.1,89,0.1,23691.59472,31819,0.5,0.4,0.867,15.8
53.3,394,58,5.22,0.962497052,81,196,23.8,91,78,4.69,81,7.2,12.989164,17899562,6.7,6.8,0.456,8.2
73.6,156,4,3.1,302.1057507,97,0,46.8,5,97,8.45,97,0.4,1932.85829,8194778,2.3,2.2,0.606,11.5
68.2,152,164,0.01,42.3304549,86,6192,13,215,95,2.8,94,0.1,494.51466,1453684,19.7,2.3,0.506,8.4
74.9,113,0,3.85,143.2947487,86.4394369675435,0,48.2,0,92,7.16,91,0.1,1524.41222,3771284,3.2,3.2,0,11.6
74.6,121,0,6.17,709.1311228,93,0,57.8,0,95,6.13,95,0.1,7325.73474,616969,2.1,2.1,0.774,14.2
79.3,13,23,0.8,0,92,188,69.6,26,93,0.70046688007615,95,0.1,34.1544529909304,107.001979512939,0.8,0.6,0.1,0.6
83,71,1,9.97,3829.550928,95,91,6.3,1,92,8.32,93,0.1,23465.38559,198954,0.7,0.7,0.905,20.6
51.9,39,14,4.46,12.19709744,51.0414696358499,5977,2.2,20,56,5.91,46,3.1,183.4149991,2884522,9.2,9.2,0.338,8.7
66.8,221,68,4.42,0.09987219,42,7003,18.7,89,77,2.79,79,0.1,1.68135,813526,1,9.7,0.625,11.4
73.6,166,9,7.59,0,84,0,58.8,10,75,5.81,84,0.1,79.0729195225796,4.99987780784329,1.6,1.5,0.754,14
69.4,188,0,6.64,605.6286892,95,0,47.8,0,95,5.61,95,0.5,4516.24675,329192,3.5,3.4,0.7,12.4
67.8,155,174,0.01,38.05462002,45,25934,12.5,231,94,2.68,93,0.1,484.155471,14343111,19.9,2.5,0.499,8.2
69.4,19,0,5.82,11.85100131,94,0,36.8,0,94,5.22,94,1,129.51914,129535,6.3,6.8,0.736,12.2
75.4,11,0,3.84,151.1399301,53.8113900449116,28,48.8,0,86,7.1,8,0.1,1761.537647,377587,3.1,3.1,0,11.9
59,284,26,3.39791707374131,0,54,243,23.3,40,42,7.3,54,0.5,554.48766,1291533,7.3,7.3,0.414,8.8
51.8,367,46,0.62,57.8242709,4,120,17.9,79,51,3,4,3.6,973.472574,1275135,9,8.9,0.381,7.3
71.5,174,0,4.08,407.779262,97,777,26.9,0,99,4.15,99,0.1,4623.347642,121337,7.9,7.8,0.687,12.6
71.3,171,6,2.74,15.36175284,95,0,39.6,8,99,6.88,96,1.6,113.4546,669361,2.7,2.7,0.557,9.9
63.6,274,6,0.01,0,94,194,17,8,94,2.98,94,0.6,116.39788676573,101.002272774115,8.7,8.6,0.41,5
62.9,275,10,0.855164813082621,0,67,38,48.6,12,74,1.3,73,0.6,110.073281043335,7919825,1.3,1.3,0.515,10
82,6,2,6.98,5439.691769,96,5189,61.5,2,96,9.27,96,0.1,38334.68477,59379449,0.5,0.5,0.872,16.4
87,74,2,9.23,0,94,114,29.5,2,95,6.79,94,0.1,53.1337730798472,58.0013685521551,1.5,1,5.5571689081323,5.97358862472754
78.5,96,0,13.11,2884.020194,97,0,54.9,0,97,9.67,97,0.1,19821.44463,1522288,0.7,0.5,0.793,15.4
69.4,173,0,1.2,27.29839073,64,165,43.3,0,67,4.2,69,0.1,158.52724,198964,1.6,1.6,0,10.4
47.8,564,3,5.53,437.0802438,93,0,28.2,4,88,6.81,87,43.7,2937.36723,112514,6.9,7.1,0.502,9.9
63.8,241,31,0.97,78.79967196,73,0,18.5,43,73,4.24,73,0.4,454.963464,21743949,7.5,7.4,0.504,10.2
54.5,344,483,4.54414476603989,0,49,12423,25.4,747,49,9.75023344003808,49,3.7,2655.157977,181181744,9.8,9.7,0.525,10
72.5,157,3,8.51,665.6427546,99,3196,54.4,4,97,5.6,97,0.1,5828.745662,2119376,3.2,3.7,0.755,13.7
89,72,2,11.05,510.9327012,96,267,61.7,2,96,8.36,96,0.1,3279.414,4522683,0.6,0.5,0.849,16
66,196,20,0.26,11.8385319,92,17,23.2,28,89,4.51,92,0.3,148.912351,141232,9.9,9.7,0.474,8.7
45.5,648,5,1.99,5.300902041,17,1,26.4,7,9,7.13,9,33.8,63.636279,191897,1.2,1.1,0.44,10.5
59.4,34,7,1.07,5.064688968,96,19,13.9,9,96,2.97,96,1.6,276.75896,39697,9.4,9.5,0,5.4
76.8,117,0,6.03,463.6397821,95,0,63.4,0,95,8.58,95,0.1,16737.89827,3419546,1.5,1.4,0.791,15.5
68.4,225,1,0.01,281.0023992,99,0,51.5,1,99,4.73,99,0.1,4181.583321,2923896,2.2,2.3,0.729,14.8
78.2,62,0,0.01,2051.748615,99,0,26.2,0,99,13.73,99,0.1,7716.2415,41,13.6,13.7,0.693,12.7
77.8,74,0,4.6,364.9752287,99,0,58,0,99,6,99,0.1,3954.22783,28873,1.2,1.3,0.762,14.2
59.1,251,25,1.4,110.2633619,75,426,23.5,39,77,5.37,75,1.4,825.9427854,94682,7.6,7.5,0.454,9.8
76,139,6,4.9,0,96,0,32.9,7,99,4.9,96,0.1,74.3270791983137,3.4999144654903,4.9,4.9,0.1,4.9
73.4,169,0,15.19,2211.744178,94,11,61.9,0,93,6.55,93,0.1,16554.97139,2932367,2.6,2.7,0.841,16.5
77.1,12,0,13.23,0,99,5,63.1,0,99,7.85,99,0.1,35.1030707636104,2.50006109607835,1.9,2,7.31917890527314,7.98456195610544
68,219,59,4.42,159.5348489,85,1469,22.1,76,86,4.41,87,0.1,1825.341521,9222879,1,9.7,0.661,11.7
52.3,412,59,3.15,0,8,48,26.8,81,79,5.81,8,2.4,132.853950875136,64.4995967658829,5.8,5.7,3.80971502157969,4.90364142388203
56.5,412,2,0.01,720.2333929,95,0,3.7,3,92,8.76,95,12.2,3851.51547,1248158,4.8,4.9,0.534,11.3
68,247,1,12.98,24.24947846,7,21,54.4,1,99,6.13,99,0.1,1276.28834,997961,2.7,2.8,0.675,13.1
66.8,221,68,4.54,69.0204245,45,7360,18.3,89,76,3,79,0.1,957.287441,79665315,1,9.7,0.622,11.4
70,229,14,10.58,1529.497771,97,2339,59.3,16,98,7.9,97,0.2,15543.67653,14356911,2.3,2.3,0.799,14.6
49.2,4,556,9.71,6.416252787,18,110927,19.3,893,45,4.11,36,5.4,87.8938738,138939478,12.9,12.9,0.463,8.9
75,126,52,4.86,13.31109532,97,3,53.2,62,97,5.35,97,0.1,731.378864,136768,1.9,1.9,0.7,11.6
72.1,163,3,6.38,20.68037294,92,0,42.8,4,96,6.7,96,0.2,157.145691,5795494,2.3,2.2,0.646,12.3
64.2,286,2,0.01,1.117811275,95,1,36.8,2,96,5.84,95,2.8,77.625783,212857,7,6.7,0.693,12.6
59.3,273,23,1.43,30.91060554,55.6083261221701,1361,12.8,29,54,5.95,54,2.1,339.676984,12634729,11.6,11.8,0.427,8.2
89,76,0,12.6,7163.348923,98,70,63.4,1,99,1.59,99,0.1,47439.39684,112957,1,1,0.89,16.3
62.1,253,37,0.01,97.67794571,98,124,28,54,93,3.56,98,0.8,1432.227943,26962563,6.4,6.3,0.576,11.7
69.9,228,0,6.68,332.2751709,96,1,55.7,0,97,6.17,97,0.1,3572.8513,233717,2.8,2.8,0.728,14.2
77.6,8,0,0.01,269.1432784,99,1,4.2,0,99,2.65,99,0.1,4159.8652,1386.94263157789,5.7,5.2,0.863,15
63.5,241,1,2.69298788676923,0,84,47,35,1,84,5.50046688007615,84,2.1,1862.167274,927414,5.6,5.4,0.47,6.3
65,37,2,7.72,353.2438029,28,0,3.8,3,44,2.76,45,10.9,6741.293948,143126,7.2,7.1,0.64,12.4
74.3,138,0,10.28,0,99,0,53.7,0,99,7.35,99,0.1,74.9594623857163,0,1.4,1.5,0.793,14.3
78.6,87,0,8.91,2143.021083,9,65,58.9,0,82,7.47,9,0.1,13641.1272,4568.66888434396,0.3,0.3,0.864,17.2
74.2,136,29,2.86,0,94,217,1.9,36,96,5.9,96,0.2,73.3781174930254,126.502211678036,15.4,16.1,0.601,11
50,42,13,4.21,9.758449266,44.103362785176,142,21.1,18,49,3.44,35,3.2,133.494518,3116233,8.7,8.7,0.373,10.3
51.4,477,3,4.87,413.0063027,9,1,28.9,4,89,8.19,88,40.2,2842.438422,1158897,6.1,6.3,0.514,10.6
67.2,21,30,0.32,44.12059646,62,9081,51.9,37,69,5.61,74,0.1,1391.816923,2631669,5.4,5.2,0.603,9.8
75.8,134,0,1.16593152461311,0,91.9597799935194,0,64.8,0,99,1.6,99,0.1,12365.6263,984328,1.6,1.6,0.834,15.6
81.7,63,0,10.44,11892.33429,90.2674695655297,1015,54.1,0,94,1.21,94,0.1,63223.46778,7551117,0.5,0.4,0.911,15.3
79,78,0,13.44,9126.931178,87.3585068931997,87,55.8,0,91,7.22,91,0.1,54326.9713,4273591,0.3,0.2,0.896,17.6
64,267,38,0.81,23.72796328,71,35558,15.4,58,74,4.89,78,0.6,245.1235876,1782997,8.2,8.1,0.466,8.7
71.3,195,4,1.42052966866781,0,22,105,61.3,5,51,2.34976655996192,23,0.2,2124.662666,4515429,2.3,2.4,0.748,15.3
76.2,91,1,5.28,41.82275719,99,10,54.3,1,99,5.34,99,0.1,494.358832,291321,1.4,1.5,0.725,12.5
47.8,586,5,2.86,38.57187011,68.8355756812192,217,25.4,7,78,7.53,78,31.2,437.819184,1885955,11.1,11.1,0.443,10.3
67.5,183,25,0.22,6.19357029,89,189,15.9,32,93,6.41,89,0.2,48.7299,2674113,16.9,17.4,0.502,10.5
69.9,22,5,6.29,24.44473709,95,321,52.3,5,95,4.36,95,0.1,1286.56511,17289224,2.4,2.5,0.789,15
73.4,136,0,0.01,36.48024032,73.4,0,53.5,0,73.4,8.33,73.4,0.1,216.243274,69828,2.5,2.5,0,0
68.4,174,0,1.97,0,89,0,65.2,0,88,12.94,85,0.1,81.9197186552922,0,0.2,0.2,0.628,11.2
75.7,12,9,8.11,1504.329462,91,3,6.4,10,93,5.89,91,0.1,12726.9836,41656879,1,0.9,0.816,17.1
67.8,221,0,1.93,20.7119129,98,17,51.2,0,92,3.28,91,0.1,238.891729,814218,4.3,4,0.683,13.2
59.6,295,20,6.78,7.409771603,97,26,16.5,30,98,8.49,97,5,44.853339,944742,6.8,6.7,0.424,10.1
77,12,0,11.56,530.4832336,90.9308448219995,11,52.8,0,97,9.1,97,0.1,3751.64946,5358783,1.3,1,0.862,16.2
79.5,87,0,10.32,3187.496219,90.9929469781495,2,57,0,96,9.7,96,0.1,23437.4722,248583,1.6,1.6,0.872,16.9
58.8,279,74,0.01,79.67936736,66,1989,16.7,102,66,9.2,66,0.1,553.32894,2883167,18.4,18.4,0.448,9.2
79.5,59,0,11.32,283.3300258,96,18,57.8,0,99,7.23,99,0.1,3818.46396,111267,0.9,1,0.853,14.6
75.6,137,0,14.97,1802.017593,94,0,57.6,0,94,6.25,94,0.1,14638.6482,1331475,1.9,2,0.833,16.2
79.6,95,1,1.17583114917379,0,92,0,6.5,1,92,1.7,92,0.1,1146.36273,487852,1.7,1.7,0.775,14.2
67,278,5,7.31,217.4345257,97,2392,56.4,6,95,6.41,96,0.9,1828.717626,471515,2.7,2.8,0.707,14.5
78.8,88,0,10.7,10761.18209,85.2081886181197,14,56.3,0,88,1.18,88,0.1,64322.6664,5493621,1.1,0.9,0.906,16.8
76,121,6,3.82,79.11626341,83,0,53.5,7,84,9.16,83,0.1,6432.216537,1593112,1.2,1.1,0.737,14
76.2,118,6,0.938765578128775,0,78,0,54.2,7,84,1.15023344003807,78,0.1,625.62224,16144368,1.2,1.1,0.739,14
73.1,158,2,10.4,14.96373588,95,8,56.3,3,95,5.56,95,0.1,822.18329,2367487,3,3.3,0.795,15.4
82,81,0,10.95,3283.024864,91.7515913753996,2,58.2,0,96,9.37,96,0.1,22486.47167,257159,1.5,1.5,0.877,16.8
66,259,2,0.16,9.087638194,75,0,2.1,2,75,4.93,75,0.1,72.759313,64162,7.3,7.2,0.459,10
71.4,128,21,0.56,157.6431445,95,2248,5.8,25,95,5.48,95,0.1,2494.353552,31225881,6.4,6.3,0.581,10
79,82,4,12.05,0,87.3585068931997,79,6.7,4,91,8.24,91,0.1,54.7156338714504,41.5009164411753,0.7,0.5,7.03557152746054,7.32909444039714
77.7,78,0,2.95958858097778,0,99,4,41.2,0,99,5.40140064022845,99,0.1,3967.8951,1323.95320147187,5.7,5.1,0.864,14.9
78.9,9,2,7.39,209.4875875,92,0,58.7,2,95,6.35,96,0.1,1526.87746,16491687,0.9,0.9,0.797,14.8
74.6,147,3,1.26302984576182,0,97,0,51,4,97,2.1,97,0.3,2326.15856,896829,2.1,2.1,0.623,11.2
79.2,97,1,3.34,2568.237059,91,0,57.5,1,9,9.56,91,0.1,9985.36959,4654122,1.8,1.7,0.758,13.6
76.6,84,0,1.18,4582.476081,97,74,65.1,0,98,3.1,97,0.1,51488.49529,17187.3451095588,4.8,4.5,0.83,13.7
55.4,355,27,0.429,0,60.9261709793297,1256,28.8199481570274,41,66,0.429,61,3.9,176.9713,1448857,0.429,0.429,0.429,4.9
69.2,184,16,0.01,0.442802404,99,8,43.9,18,99,5.84,99,0.1,25.448414,37577,3,3.1,0.69,12.1
57.9,322,2,1.03,13.46662004,60.7558231885099,50,29,2,62,5.45,62,4.3,792.15412,746221,6.2,6,0.372,3.3
79,176,0,10.71,513.3465408,98,0,38.8,0,98,6.67,98,0.1,5292.232379,1764.061627325,4.1,4.1,0,14.4
82,61,1,9.35,4255.781693,96,1204,64.8,2,97,9.39,97,0.1,28562.29324,4677355,0.6,0.5,0.871,17.2
72.6,141,1,2.86,53.19373012,69,69,47.4,1,97,5.94,94,0.1,694.435119,35655,2.1,2.1,0.644,11.1
78.7,76,0,2.08,1003.366877,95,408,28.9,0,95,2.37,96,0.1,21577.7823,7328.53348143348,2.1,2,0.82,12.7
63.3,219,1700,1.1,17.81205644,59.9797614774361,40044,12.2,2300,58,4.4,59,0.3,466.2842,18987112,27.4,28.4,0.499,8.4
67,261,66,1.55,37.59039592,22,1374,25.1537904962575,101,78,3.18,78,0.2,679.7539949,3911914,1.87518280371136,1.877075512583,0.423,6.1
75.6,77,0,2,278.3602806,97,7,57.6,0,97,3.8,97,0.1,2977.1153,994.696261099947,6.1,5.9,0.813,14.4
45.7,51,17,1.49,46.11619441,45.6301842559281,652,17.5,26,44,4.31,47,12.8,286.25819,3981665,1,1.1,0.316,5.6
65.5,237,2,0.01,715.2816939,7,33,35.8,3,68,3.44,7,2.8,9692.163874,1875713,6.1,6,0.687,12.6
74.3,89,8,0.09,2047.113102,98,1164,66.4,9,98,4.25,98,0.1,24934.38614,8702.39861591202,7.6,7.5,0.83,15.2
62.5,251,16,5.85,41.30079452,64.2413556027499,0,43,21,65,6.68,65,2,668.297646,985287,4.1,4.1,0.466,8.5
52.1,412,59,4.71,7.177302132,66.3326259531555,358,22.8,94,72,4.73,73,7.5,93.211716,1695981,7,7.1,0.455,8.2
74.5,145,3,8.02,516.0554391,98,34,54,3,98,6.32,99,0.1,5196.932921,3823364,2.5,2.6,0.79,15
74.7,142,3,9.06,542.0235,97,48,54.5,3,98,6.22,99,0.1,5693.52416,382457,2.4,2.6,0.796,15.3
82.1,6,0,10.15,14714.82588,91.4105017960236,958,55,0,96,11,95,0.1,69672.471,7743831,0.5,0.4,0.916,15.3
47.6,44,41,0.25,21.52701616,28.7915827707193,3546,13.9,74,3,6.28,36,4.6,166.231785,8342559,11.5,11.4,0,4.7
52.6,424,9,2.55,0,44.5201100032403,2788,2.3,14,41,2.45,41,7.2,147.085539010442,1401.03389610427,9.3,8.9,0.488,9.5
56.5,285,25,1.13,7.106997355,7,210,2.5,39,73,4.73,7,2.1,61.799977,7982225,8.7,8.6,0.43,8.5
61.6,298,2,8.75,11.05422474,82,3,32.4,3,81,2.54,82,8.9,194.2746,1536411,6.8,6.6,0.651,12.4
74.5,167,0,10.15,0,9,0,6.1,0,93,7.3,93,0.1,82.2353513585051,0,2.5,2.5,0.791,12.6
74.6,128,3,0.53,110.6779711,96,195,38.5,4,97,4.2,97,0.1,1882.27842,2976724,7.8,7.6,0.779,12.9
72.9,15,0,7.84,11.56715633,94,0,44.7,0,95,6.35,95,0.1,741.48438,247.159241761419,3.8,3.8,0.741,15.8
51.5,491,36,1.16,7.915071248,93,21,17.3,56,93,1.18,93,14.9,42.7379657,1471462,6.9,6.8,0.415,9.9
62,248,63,1.99,17.0536929,72,68,25.3795247463488,94,81,8.4,81,0.3,1226.884381,3365619,4.64030910144471,4.64576273919455,0.456,6.8
72.3,165,0,6.85,0,99,0,48.4,0,99,5.13,99,0.2,83.5001177333104,0,3.6,3.5,0.709,13.3
64,266,6,0.01,0,94,45,17.5,8,94,3.1,94,0.5,113.867322218294,26.5004521109798,8.6,8.4,0.414,5
76.9,69,0,3.15302063687294,0,98,0,63.6,0,98,6.15023344003807,98,0.1,22688.87824,7562.89153685956,6.2,6.1,0.823,14.5
64.2,179,365,0.03,40.36829999,78,7641,19.5,458,77,3.4,78,0.1,873.772727,15793993,21,21.5,0.501,6.5
55.3,35,23,4.33,15.99415192,92,173,15.2,35,89,7.86,92,2.9,196.2472628,8212264,7.9,7.9,0.319,7.9
76.6,117,0,9.29,1617.473418,88.0232927540395,0,52.3,0,93,8.62,93,0.1,11814.9994,199453,2.1,2.2,0.835,15.6
57.3,291,85,0.02,1.388647732,66,1296,14.2,118,58,8.7,58,0.1,25.2941299,257798,19.3,19.5,0.396,7.9
79.7,77,0,11.41,7620.823456,89.6605540477296,164,58.2,0,94,9.53,94,0.1,51983.78892,4535375,0.3,0.2,0.909,17.9
67.4,225,2,4.26,181.0123284,96,31,44.9,2,95,5.58,96,0.1,2139.625631,2628131,2.2,2.3,0.673,13.4
48.7,466,63,3.11,0,76,115,22.1,90,87,5.39,76,6.1,171.439213369184,102.500305480392,7.2,7.1,4.81057631154049,5.11781748601952
44.8,73,25,4.43,0,73,304,26.3,40,73,6.53,71,39.8,57.34834,125525,1.2,1.3,0.427,10
71.4,176,95,7,140.9824766,92,1,45.3,109,99,7.13,99,0.1,2819.649531,1815121,3.3,3.3,0.692,14.6
61.9,249,43,0.04,0,38,8536,32.7,58,61,5,61,0.1,98.0541312408418,4297.10359451046,14,13.9,0.457,8.2
67.5,19,0,2.70348834721368,0,96,0,3.9,0,96,5.40046688007615,96,0.2,1624.63963,195553,5.5,5.3,0.565,11.2
54.8,48,64,1.19,49.90987221,76,145,21.3,90,73,5.58,76,6.9,566.513873,2567666,3.6,3.5,0.4,9.2
74.3,139,2,9.1,10.32588862,96,4189,57.7,2,89,5.53,89,0.1,92.277825,2147528,2.9,3.1,0.798,15.7
78.7,15,25,8.55,0,92,63,66.9,30,93,17.2,95,0.1,34.7870941277892,46.5004032341171,0.7,0.6,8.81711552176295,9.70932348995868
81,71,3,10.37,0,90.7515913753996,133,66,4,95,9.12,95,0.1,52.5010459598363,68.5015762788215,0.8,0.5,6.74094232673312,7.12026772931898
72,176,7,6.58,44.79247812,68,253,43.1,9,71,5.9,78,2.5,282.4242,8562622,3.8,3.7,0.651,12.2
76.3,123,33,5.29,112.696486,99,0,61.5,38,99,6.21,99,0.1,982.532572,1282837,1.6,1.5,0.748,12.7
73,222,0,14.44,8.49409518,96,1,59.3,1,99,5.55,98,0.1,63.38877,949583,2,2.2,0.78,15.5
66.2,227,0,0.7,325.1114746,83,0,38.7,0,88,6.44,84,0.1,944.81684,423853,1.4,1.4,0.442,6.6
73,184,2,2.42,653.6925016,92,0,54.7,2,92,6.95,92,0.2,3895.664491,625777,1.6,1.6,0.675,13.2
77.7,12,1,4.09,1043.10795,89,0,49.3,1,9,7.8,9,0.1,4425.57467,418738,2.1,2,0.719,12.2
57.9,283,44,1.16,35.66125056,57.598218868844,35256,13.9,68,58,5.8,57,0.6,245.939659,1576686,8.7,8.6,0,8
81.1,62,0,6.9,8105.590882,92.8715638745895,25,56.5,0,98,9.23,98,0.1,55746.84238,9219637,1.3,1.3,0.897,15.7
69.8,172,54,0.24,0,97,668,55.5,65,97,4.82,97,0.1,85.0818925417616,366.50736818705,3.1,3,0.651,11.9
78.9,81,0,5.89,749.6823382,88.7212455995096,5,54.6,0,93,9.62,93,0.1,4361.1538,4538159,0.8,0.7,0.916,17.1
69.2,28,14,2.35,41.50845637,87,0,43.8,18,87,6.79,87,0.4,277.83438,139628,1.4,1.4,0.567,9.6
59.5,251,25,0.01,87.4080423,77,637,24.6,39,73,4.59,77,1.2,915.2674586,14451,7.2,7.1,0.466,10.3
72.9,154,3,10.6,919.1673438,99,353,55,3,96,5.21,96,0.1,8214.185378,2882982,3.2,3.6,0.766,14.1
71.6,24,0,12.1,76.36187737,94,1,58.1,0,9,5.67,94,0.1,676.966998,337775,3.1,3.1,0.792,16.3
76,122,0,11.9,161.4473853,87.0983473881675,0,51.2,0,93,8.26,91,0.1,1227.73677,1988925,2.2,2.3,0.818,14.6
54.7,483,3,4.8,368.2848258,73.0190609409293,4,27.2,4,81,6.47,81,24,3288.257373,29228,13.7,13.7,0.559,11.7
76.6,99,1,3.52715177896296,0,99,0,54.6,1,99,7.00046688007615,99,0.1,16627.36433,5542.73836061458,7.1,6.9,0.795,13.7
58.5,343,7,0.83,0.703132179,86,460,13.1,10,92,4.2,9,1.9,21.7687981,3614639,9.9,9.9,0,4.4
73,219,0,7.44,376.4570185,98,0,56,0,98,6.29,97,0.1,4132.34927,231173,2.7,2.7,0.746,14.8
72.2,171,0,12.55,0,84,0,38.4,0,91,6.1,9,0.2,56.9369284689256,0,4.4,4.4,0.684,12.4
68.1,227,1,0.01,241.1958645,98,0,5.4,1,98,4.21,98,0.1,4385.379355,286917,2.2,2.3,0.72,14.7
59.6,271,2,0.26,45.09010835,28,0,18.4,2,8,3.65,8,0.1,544.566526,583211,7.6,7.6,0,9.2
61.7,317,3,6.28,59.55033546,76.5363497354294,0,3.2,4,83,7.15,83,11.7,429.6561,216375,11.5,11.4,0.589,11.3
59.2,275,71,0.01,7.097108703,68,3013,17.2,97,68,7.87,68,0.1,63.537231,2978599,18.2,18.2,0.454,9.5
81.7,68,1,9.33,0,99,107,3.8,2,99,7.2,99,0.1,52.8170225956575,54.5012830176454,1.5,1,5.73011792938629,6.16686073121276
74.3,143,11,4.44,1487.896562,92,1,55.7,13,91,6.93,91,0.1,7884.984429,46881475,2.1,1.9,0.707,13.2
74,179,0,6.5,1389.772683,9,0,42,0,91,5.29,9,0.4,16683.94578,13281,5.9,6.3,0.772,12.5
73.4,139,33,1.6,0,89.1418546488594,16512,9.2,43,96,4.89,96,0.1,74.3270791983137,8277.70123826288,15.8,16.4,0.569,10.4
73.4,177,1,13.16,1299.459306,91.2314813721593,1,59.3,1,99,8.1,99,0.1,11398.76584,17137,2,2,0.802,15.2
77,174,3,0.01,0,97,1,43,4,97,6.68,97,0.1,85.7145336786204,2.49996334235299,3.3,3.3,0.647,12.5
44.5,675,5,2.67,57.90369752,87,0,27.4,6,88,6.3,89,34.8,862.9463118,1949543,9.3,9.2,0.437,10.7
76.9,86,0,5.14,412.4433563,99,9,55.8,1,99,5.59,99,0.1,4247.61438,2941,1.3,1.4,0.752,14.2
67.3,158,185,0.01,4.11469667,11,9743,12,247,88,2.62,99,0.1,46.7579167,14137489,2.1,2.7,0.491,8.1
81.4,68,0,11.02,15515.75234,94,0,6.5,0,99,7.1,99,0.1,113751.85,54336,0.9,0.9,0.892,13.9
61.1,262,3,3.41831715874644,0,97,71,27.3,5,96,7.25023344003808,97,1.7,113.550743700409,38.0008064682343,7.3,7.2,0.45,8.9
64.7,236,36,0.04,0,67,2177,38.7,46,68,5.73,67,0.1,95.8393713629235,1111.52603914859,13.7,13.6,0.494,9
74.1,115,0,8.39,181.5000856,84,0,47.7,0,85,5.27,84,0.1,15646.5591,5215.47289146027,4,3.9,0.766,14.8
75.9,134,0,8.18,2156.229842,98,0,45.7,0,97,5.39,98,0.2,12565.44197,4188.44306565475,3.3,3.3,0.778,13.8
55.3,473,50,8.19,780.0336423,76,39,45.7,75,77,7.75,79,23.5,5786.59972,49557573.3,8.9,1.7,0.616,12.9
69.3,176,0,1.24,171.1373611,66,101,42.6,0,67,3.52,7,0.1,1353.934819,193956,1.7,1.6,0,10.2
79.2,79,0,9.15,442.3774869,88,33,61.5,0,87,7.89,89,0.1,2542.39935,858.459162296071,0.3,0.3,0.884,18.4
48.5,559,37,1.18,4.269511381,87,143,16.6,59,88,9.31,87,19.3,32.2227274,1384969,7.1,7,0.387,9.7
69.3,214,7,5.16,182.6162515,82,0,47.2,8,66,4.28,79,2.1,2421.9662,912998,3.6,3.5,0.666,12.5
98,98,0,0.01,0,98,0,82.8,0,98,3.58,98,0.1,45.3297085243384,0,0.1,0.1,1.23803915553039,1.43143858319718
96.3180229358122,96.3307639020753,0,8.54,0,97,0,5.2,0,96,6.14,96,0.1,44.404612432005,0,3.7,3.6,0.749,13.4
55,388,542,9.55,104.4746444,42,2613,2.4,863,54,4.47,42,5.2,1136.829645,14641724,12.3,12.3,0.477,9.1
71.6,189,14,6.17,301.3597791,96,4165,21.7,16,98,3.51,98,0.5,2659.83918,652231,9,9.2,0.674,11.9
78.7,16,25,8.67,0,91,220,67.5,29,94,17.6,96,0.1,35.419649281496,124.502333870193,0.7,0.6,8.99373208661078,9.90526787171051
64.6,234,35,0.04,0,69,2676,37.9,45,69,5.4,69,0.1,95.8391993966194,1360.53214875643,13.7,13.6,0.493,8.6
73.7,133,3,0.43,409.9812523,96,394,32.5,4,97,3.61,97,0.1,7269.17114,26625845,8.7,8.5,0.736,12.3
53.4,369,24,5.54,1.747440948,87,0,14.1,37,82,9.84,87,4.3,15.57434,7423289,8.2,8.3,0.286,5.6
68.7,22,9,3.95,0,91,0,49.3,12,9,5.44,91,0.2,35.7363997656857,5.99985336941195,1.2,1.1,0.643,13.8
74.4,136,29,2.7,0,94,410,11.3,36,94,5.38,95,0.2,73.0618829077481,223.004569986661,15.3,16,0.609,11.1
45.7,44,97,2.58,30.35993647,41.3119454010321,9046,15.8,159,41,5.38,38,2.1,526.168743,16983266,1.7,1.7,0.391,5.1
71,133,22,0.58,127.7632005,95,1217,49.9,25,97,5.23,97,0.1,2191.478567,3869346,6.4,6.3,0.575,10
64,284,2,1.75,73.24150483,98,0,41.3,2,99,5.99,99,0.1,797.8377432,2496832,2.3,2.4,0.621,11.2
66.5,188,182,0.06,33.95837125,62,3825,16,229,77,2.23,76,0.1,747.9817455,2145652,11,11.1,0.604,10.6
54.7,327,32,0.21,1.099665984,57.6951316367299,99,18.5,51,59,2.82,59,2.7,33.424498,9679745,9.3,9.3,0.346,6.6
86,65,1,9.23,96.8585885,93.6619646520997,15,58.6,1,97,1.29,97,0.1,519.349,1653388,1,0.9,0.906,16.9
56.7,366,47,0.01,61.39263642,87,831,28.4,71,86,4.1,87,3.7,1441.1417,2223994,5.7,5.7,0.507,10.4
71.8,178,0,12.03,0,90.7459489579193,0,37.3,0,99,6.1,99,0.3,87.6122851228928,0,4.5,4.5,0.684,12.6
75.6,11,0,0.01,648.1331781,9,0,6.2,0,94,7.25,94,0.1,6586.71929,6261,1.9,1.9,0.797,15.1
65,24,16,2.08,57.73516711,82,394,14.8,20,82,3.75,82,0.9,631.675789,13676693,11.3,11.5,0.495,10.3
73.7,158,9,7.22,0,78,0,59.3,10,74,5.4,78,0.1,74.6449474634802,4.99987780784329,1.6,1.5,0.754,14
57.4,368,30,2.3,143.8698873,94,26,2.2,47,93,4.73,94,9.1,1139.11233,13456417,6.7,6.6,0.518,11.6
79,19,13,2.21,472.2234994,95,0,45.9,15,96,6.65,95,0.4,2794.22189,146366,1.3,1.3,0.589,10.4
79.9,75,1,9.53,3064.301144,94,141,59,2,91,8.18,92,0.1,19517.84168,19413,0.7,0.7,0.899,20.5
75,117,0,6.45,489.6818699,87,0,58.5,0,91,6.7,92,0.1,6698.79439,618294,2,2.1,0.785,14.6
75.8,125,40,5.11,980.2537444,98,23,57.2,47,98,5.83,98,0.1,8767.92258,1192378,1.8,1.7,0.723,12.2
49.8,396,549,9.66,10.35779424,27,704,19.9,879,46,3.66,4,5.3,119.743286,14261494,12.6,12.6,0.466,9
77.6,65,0,0.01,1259.940376,99,0,24.1,0,99,9.16,99,0.1,6541.7465,385,13.8,13.9,0.675,12.1
65.1,237,1,7.84,1.776181042,91,0,38.4,1,91,5.73,91,1.9,145.58861,751652,5.8,5.6,0.613,11.2
74.9,126,0,13.15,650.9567981,88.2039568050095,8,55.2,0,94,7.16,94,0.1,5245.421419,444,2,2,0.749,12.3
63.8,224,0,5.78,9.013493879,7,0,22.8,0,99,9.94,96,1.6,693.345683,151969,7.2,7.2,0.509,9.8
79.3,66,0,8.84,2380.699796,86,1,65.6,0,83,8.93,85,0.1,16671.5672,4538,0.7,0.7,0.809,14.8
64.7,249,31,0.03,75.25799773,59,474,53.2,38,63,3,59,0.1,2351.812429,27697912,5.4,5.1,0.631,10.2
71.1,174,4,8.78,375.1740323,98,9,52.9,4,97,5.3,97,0.1,2774.95586,21574326,3.5,4,0.722,12.5
63.3,229,7,2.33,130.3784829,96,11,38.7,8,99,3.34,98,0.1,967.917468,4612,3.5,3.5,0,10.2
73.1,19,0,10.85,0,89,0,56,0,93,5.26,94,0.1,35.7361418162295,0,2.6,2.6,0.781,12.1
57.6,393,2,0.01,708.9556648,98,0,31.2,3,98,9.66,98,9.8,3598.75972,1271456,4.5,4.6,0.539,11.4
69.4,188,4,3.28,0,96,222,41.4,4,94,6.18,96,0.2,89.8267870513548,113.002663789016,3.2,3.3,0.632,12.1
77.3,16,2,6.1,687.5116825,90.6967752638355,0,54.7,3,96,6.51,97,0.1,4595.666327,15444969,1,1,0.761,13.7
79.7,79,0,10.47,10251.10872,87.5709273244297,84,57.4,0,91,1.87,91,0.1,61753.667,557572,1.1,0.9,0.91,16.9
81.1,68,0,11.82,90.58501176,95,0,56.6,0,95,11.14,95,0.1,554.71532,8479375,1.8,2,0.887,15.7
59.2,371,23,6.5,10.82259524,91,0,31.3,34,92,6.44,91,6.3,127.47462,15411675,5.9,5.7,0.498,10.3
72.9,172,0,0.01,1521.672751,99,0,35.5,0,98,3.58,98,0.1,15687.34795,89949,5.7,6.1,0.762,13.5
67.8,146,7,0.55,39.33253687,5,4353,43.1,9,8,4.47,76,0.1,763.73858,817195,3.1,3.1,0.651,10.6
55.8,285,25,1.35,8.931827297,73,217,19.7,40,75,4.63,73,2.1,519.2922847,752555,9.1,9,0.416,7.7
75.6,127,37,5.36,159.8772264,97,0,58.7,43,96,6.6,96,0.1,9689.52887,11366189,1.7,1.6,0.735,12.3
75,93,1,1.57,835.0626827,81,9,64,1,75,7.12,81,0.1,8734.9653,4588368,4.7,4.7,0.758,13.2
78,99,1,11.29,320.3177664,6,0,59,1,96,8.46,95,0.1,2552.3328,1332785,0.8,0.8,0.875,18.8
68.8,219,1,8.25,0,98,0,5.4,1,97,12.8,9,0.1,72.1203157535373,0.499987780784329,2.8,3,7.2327949114515,8.56101752300914
62.2,247,42,0.06,0,43,12708,33.3,56,72,4.9,72,0.1,100.900070542034,6382.15459751667,13.9,13.9,0.464,8.4
72.4,127,4,0.55,27.44252286,95,28,57.8,4,95,8.88,95,0.1,223.83787,5714111,3.9,3.8,0.73,13.8
72.9,155,1,10.98,107.9826127,96,1,61.5,1,96,6.61,95,0.1,7296.122479,7492561,2.1,2.1,0.761,13.8
82,63,1,10.3,10986.26527,92,190,64.4,1,92,9.2,92,0.1,62245.129,223424,0.6,0.6,0.927,19.8
53.8,4,70,1.18,39.75216936,74,60,2.1,101,74,5.43,74,11.3,463.852618,2352463,3.7,3.6,0.382,9.2
66,266,3,0.01,0,97,0,26,5,96,6.49,97,1.6,114.816025974126,2.49993890392165,7.6,7.5,0.445,8.9
69.1,185,17,0.01,19.1624696,99,0,43,19,99,6.32,99,0.1,197.551233,32432,3,3.1,0.681,12
71,218,0,7.13,291.0170765,95,0,55.4,0,96,6,96,0.1,3352.731296,236755,2.8,2.8,0.716,13.7
54.1,441,32,1.23,13.77617463,97,26,18,50,97,11.67,97,11.2,512.125451,15627618,6.7,6.6,0.444,10.6
75.5,126,1,5.52,58.45976019,98,0,48.6,2,95,7.6,98,0.1,4267.13578,329174,2.2,2.2,0.728,12.8
52.1,522,4,0.01,162.1278115,93,0,32,6,9,1.62,93,9.4,1174.839214,2145785,5.8,5.6,0.491,10.8
54.6,345,14,0.95,2.048574874,35.006421589804,1833,17.1,22,51,4.29,5,5.3,26.6394652,511177,9.2,9.1,0.426,9.4
72.2,185,0,8.12,916.4741775,99,1,31.2,0,99,3.3,99,0.1,12154.82994,8533,5.9,6.3,0.733,13.1
76.1,85,157,1.97592656598063,0,99,42361,32.9,183,99,3.25163408026652,99,0.1,869.211938,137122,3.6,2.9,0.734,13.5
65,238,1,7.35,17.46405901,93,0,39,1,93,5.83,93,1.8,198.455216,75946,5.7,5.5,0.619,11.4
73.6,158,9,7.92,0,88,0,56.5,11,8,4.69,87,0.1,77.4910587309763,5.49986558862762,1.7,1.6,0.7,11.8
65.8,245,1,0.29,169.2023968,95,2,17.4,1,96,5.27,95,0.3,1335.45696,672228,17.5,18.3,0,9.6
77.8,72,0,1.13,5163.32918,93,160,67,0,93,2.16,92,0.1,88564.82298,29574.6775838658,5.1,4.7,0.837,13.4
87,59,0,6.91,3601.287457,82,3,68,0,96,9.6,96,0.1,22821.847,416268,0.8,0.7,0.826,14.8
36.3,682,23,5.76,36.2929176,56.9873045606692,0,44.2,58,66,8.9,66,1.9,662.2795182,9999617,4,4,0.47,8.6
63.8,247,14,8.34,9.074569426,97,31,18.9,20,93,7.71,97,1.3,617.317648,151671,6.3,6.2,0.464,10.2
53.2,417,9,2.45,0,19.6266639789813,3712,2.7,14,5,2.61,5,6.8,133.486849961451,1863.04518665955,9.1,8.8,0.492,9.4
76.6,16,0,12.1,206.8868182,97,7,6.6,0,97,8.25,97,0.1,1355.74586,4417781,1.6,1.6,0.803,14.2
76,84,1,1.73,292.4022672,93,0,55.1,1,94,4.5,93,0.1,3372.57517,1124.51496055715,5.1,4.9,0.831,13.2
75,142,42,1.59726207166724,0,96,214,56.1,47,98,2.65023344003807,96,0.1,8757.2622,2596218,2.7,2.6,0.754,15.2
73.6,169,0,10.14,24.70841046,89,1,59.4,0,92,6.1,92,0.1,1372.68947,25979,2.2,2.3,0.81,15.8
71.4,178,0,6.32,1132.432517,85,0,57.7,0,85,5.69,85,0.4,9564.46383,547928,3.5,3.5,0.722,12.7
72.9,133,1,6.95,292.6142378,88.2935835283094,63,52.2,1,95,8.9,95,0.1,2149.9944,7496522,2.7,2.8,0.715,13.2
65,271,2,2.91,122.1206485,98,26,43,2,98,4.68,99,0.1,1334.651896,255812,2.2,2.4,0.649,12.7
69.9,142,126,0.01,62.65945432,94,788,15.2,161,94,3.6,94,0.1,757.6717572,15214912,18.9,19.4,0.535,8.9
51.4,282,57,0.1,17.58722718,44.0633037536962,31584,14.3,124,43,6.55,39,1.6,177.828384,12262,12.5,12.5,0.261,2.9
65.9,26,2,3.79,126.698109,98,12,43.9,2,99,5.6,95,0.1,1634.81431,259167,2.2,2.4,0.661,13
78.2,18,27,8.74,0,94,140,65.7,31,94,16.2,96,0.1,36.0522904183548,85.5013318945081,0.7,0.6,8.54777625226807,9.38075529893134
71.4,192,16,5.93,27.63810304,95,10315,2.2,19,97,3.7,96,0.7,296.54617,6473164,9.2,9.5,0.657,11.5
84,76,0,12,8329.731655,83,448,54.2,0,83,1.6,83,0.1,51386.37665,8321496,1.7,1.9,0.864,15.1
54,329,12,4.24,17.85870796,43.1812386280442,4,21.5,17,47,8.77,31,3.2,149.4452549,3176414,8.5,8.5,0.335,10.2
69.2,197,0,0.01,401.7931045,99,0,59.5,0,99,4.6,99,0.1,4353.121392,86786,4,3.7,0.709,14.7
61,288,17,7.11,9.165614959,97,5,17.7,25,93,7.2,97,2.8,539.1538211,9977446,6.6,6.4,0.447,10.2
51.1,527,4,2.71,154.8705998,93,2488,29.7,6,92,1.87,93,13.4,1173.26212,24551,7.2,7,0.464,10.9
74,146,2,1.25879691148034,0,93,0,5.2,3,89,1.95023344003807,93,0.2,419.367724,6639119,2,1.9,0.692,12.3
72.4,172,10,6.3,0,72,0,55.3,12,86,4.93,68,0.1,75.9110895687185,5.99985336941195,1.7,1.6,0.688,11.6
59.8,277,3,3.41,0,96,0,24.8,5,95,6.24,96,1.8,117.979317641572,2.49993890392165,8,7.9,0.441,8.7
85,82,2,0.82550010625641,0,97,9,63.8,2,96,0.8,96,0.1,13653.2264,17762681,0.8,0.8,0.845,16.3
71.8,183,4,2.05,13.39092189,97,21,19.2,4,97,3.37,97,0.1,216.681584,19968,15.3,15.4,0.735,13.4
63.7,216,1700,1.19,19.4808682,60.5189084056942,47147,12.6,2200,57,4.3,61,0.3,541.1352279,11827848,27.3,28.3,0.505,8.6
65.1,226,12,2.66,0,84,0,45.4,16,84,5.22,84,0.2,98.0521536283443,7.99980449254927,1.4,1.2,0.62,14.6
74.2,149,3,7.74,466.7383106,95,133,53.6,3,98,5.86,98,0.1,4981.198619,3824876,2.5,2.7,0.784,14.7
62.3,294,2,8.85,145.318282,67,1,33.5,3,68,3.41,67,7,8754.113376,16421,6.5,6.4,0.66,12.5
74.8,145,2,1.14379726566838,0,98,0,54,2,99,1.75023344003807,98,0.1,295.966488,68235,1.8,1.7,0.642,11.7
76.9,77,1,1.91,3862.68271,99,344,62.4,1,99,3.64,99,0.1,44449.7435,14931.4515001742,5.2,5,0.832,13.3
55.2,276,53,0.1,35.80929749,56.4537760339799,282,16.1,106,57,6.94,57,1.4,292.55962,14668338,11.4,11.3,0.293,3.8
74.2,113,0,8.47,1641.30981,93,0,48.4,0,93,5.64,93,0.1,16462.48556,5487.44593718604,3.9,3.9,0.771,15
57.3,296,3,2.51,0,95,0,2.3,6,88,4.35,87,2.9,121.143297174235,2.99992668470597,9.4,9.3,0.404,7.6
77.2,17,1,12,1904.00231,82,8,51.7,1,96,9.15,98,0.1,12882.28897,1419631,0.8,0.6,0.788,15.9
78.7,84,2,9.03,0,99,7,27.2,3,96,5.33,96,0.1,56.929447934696,5.00004887686268,1.6,1,4.99615948714115,5.33673383067586
64.4,211,1500,1.27,3.5096369,8,36711,13.5,2000,65,4.28,65,0.3,77.819,1144118674,27.2,28.1,0.526,9.4
89,78,0,9.88,271.2545531,98,0,6.9,0,98,9.5,98,0.1,2277.53613,14162,0.7,0.5,0.837,16.8
73.9,138,11,4.85,58.4989742,93,1,5.8,14,93,4.73,93,0.3,428.87811,2864198,1.2,1.2,0.7,13.2
58.5,39,186,1.06,30.46451811,47,1446,14.5,286,61,4.69,5,2.8,243.326822,8149,11.3,11,0.362,7.1
79.5,86,0,10.25,640.3560918,94,64,6.9,1,99,9.25,98,0.1,4443.83131,16257,0.8,0.8,0.871,15.8
71.7,115,490,3.06,17.46057369,6,71093,2.5,608,86,4.6,85,0.1,959.372181,1262645,5.9,5.1,0.583,9.5
65.1,172,372,0.04,0.66751505,82,4321,21.9,461,82,3.2,82,0.1,14.142268,1756182,2.2,2.7,0.521,7.5
78,218,0,0.01,5.34809451,88.4481336164996,9,54,0,93,5.28,93,0.1,47.32827,1396985,2.5,2.5,0.764,14.4
78.1,96,0,13.2,3557.455507,33,0,5.1,0,71,1.6,81,0.1,24517.26745,811566,1.7,1.9,0.833,15.4
56,347,26,1.72607256256902,38.3382324,59.7151611524698,1952,20.9863424016799,40,64,2.77,59,3.8,958.45581,1818258,1.65733216232333,1.65894614801692,0.419,4.9
81,73,0,6.37,11792.53465,87.9654224109997,0,56.5,0,91,8.89,91,0.1,66775.3944,4623291,0.8,0.7,0.929,17.6
71.5,179,0,4.14,369.6317105,88,0,26.4,0,88,4.24,88,0.1,3957.51296,124621,7.9,7.9,0.683,12.5
62.8,254,33,0.91,71.16601203,77,0,17.6,47,76,4.7,77,0.5,415.6893226,2569121,7.7,7.6,0.5,9.7
72.5,184,1,13.24,1030.220271,90.9583693891493,0,57.6,1,99,8.42,99,0.1,8396.25323,1129552,2.1,2.1,0.784,14.9
47.1,433,28,3.97,49.8371267,84,31,21.2,42,81,13.13,84,1.7,394.5932439,63126,8.5,8.4,0.375,8.5
73.2,126,0,2.4,0,89.0811630970794,18,54.1,0,96,9.17,96,0.1,70.2149118087313,9.00021994588208,2.7,2.7,0,11.9
65.9,183,10,0.38,2.626234903,88,3,34.1,12,76,5.7,83,0.3,44.2872665,7557,3.8,3.9,0.579,10.7
84,75,0,12.1,7423.228774,86,52,55.2,0,86,11.17,86,0.1,46657.629,836344,1.7,1.9,0.872,15.4
77.8,79,0,5.62,130.0150391,89.7805265469195,2,62.8,0,95,7.11,95,0.1,1121.78636,39328,0.7,0.7,0.783,13.7
77.1,99,3,9.55,0,92,62,25.7,4,99,4.61,97,0.1,61.9904910464145,33.0007087145089,1.6,1.1,4.93690431729622,5.25427433868175
73,17,1,4.54,221.8428,99,7,48.9,1,98,6.38,97,0.1,2416.588235,326939,1.8,1.9,0.681,10.9
74.3,138,1,12.03,153.1400362,95,0,65.1,1,88,8.44,88,0.1,7853.335191,7223938,1.9,1.9,0.787,14.8
87,66,0,1.55,2639.376955,95,23,3.5,0,95,3.66,95,0.1,33579.85948,11200.8529236282,2.1,2,0.839,13.9
79.1,81,0,9.46,2124.921517,92,0,59.2,1,93,8.61,94,0.1,18477.57841,19287,0.8,0.8,0.823,15.2
65.9,218,0,7.56,345.9044258,98,0,45,1,98,5.1,98,0.3,3944.178173,75881,5.5,5.3,0.633,10.3
69,267,40,1.69,195.9824626,94,641,25.5,59,94,5.33,94,1.9,1312.67557,2451214,7.1,7,0.547,10.5
58.3,34,41,1.46,53.23775977,8,60,21.8,62,81,3.96,8,3.2,423.1936389,2986536,8.4,8.3,0.491,7.7
45.3,686,25,1.72,0,76,529,25.9,39,76,6.16,75,42.1,548.587312,12366165,1.6,1.7,0.427,9.8
47.1,386,94,3.53,8.8667775,17.0790294085912,29,17.2,152,4,4.71,4,2.5,141.86844,18865716,1.2,1.1,0.415,6.4
75,24,5,8.48,415.1627705,21,1333,59,5,54,6.98,5,0.2,3569.75727,45761,2.4,2.5,0.734,14.9
77.2,84,0,4.76,430.8769785,99,0,56.5,1,99,5.66,99,0.1,4414.72314,289592,1.3,1.4,0.759,14.2
64.4,282,8,6.58,23.43400762,99,24,45.3,9,99,3.7,99,0.1,268.123657,149918,2.5,2.6,0.714,13.1
71,161,0,1,43.19780767,59,0,45.7,0,67,3.96,68,0.1,247.97823,214634,1.6,1.5,0.572,10.6
73.8,132,3,0.47,438.4519214,97,334,33.4,4,97,3.47,97,0.1,8513.629541,2711169,8.5,8.3,0.747,12.5
82.5,49,0,7.45,8254.020763,31.304145279152,0,6.6,0,9,8.86,9,0.1,52473.11356,327386,1,0.9,0.915,19
89,88,3,11.9,7002.785925,47,604,59.1,3,98,1.57,98,0.1,45413.6571,6437499,0.6,0.6,0.877,16.1
52.2,366,46,0.64,76.52382535,39,226,18.2,78,46,3.42,39,3.1,986.13177,13133589,8.8,8.7,0.387,7.3
78.5,61,0,6.29053620885698,0,99,0,27.4,0,99,13.6,99,0.1,8395.785198,49163,13.6,13.6,0.701,12.7
75,144,0,8.64,257.9665308,97,0,42.6,0,98,4.27,99,0.1,14252.29452,4750.72220256835,3.4,3.3,0.781,14.5
63.3,273,1,0.52,19.15664091,95,0,15.5,1,96,4.9,95,0.2,997.7417141,623434,18.3,19.1,0,8.4
67.2,19,163,0.06,5.381782562,65,15853,19,201,79,2.79,72,0.1,126.928834,22671273,1.9,1.9,0.629,11.1
73,24,3,2.97,29.68529375,81,0,47,4,81,7.9,81,0.4,248.4125,59433,2,1.9,0.621,11.8
66,217,7,2.9,691.1333535,97,0,47.7,8,98,2.7,98,0.1,7962.365824,5466241,3.3,3.3,0.683,10.8
77,177,1,9.45,0,96,0,5.9,1,96,1.61,93,0.1,85.3985570427993,0.499987780784329,2.8,3,3.89342643624313,4.57949614267749
71.7,146,20,0.34,25.0185226,82.3570962888296,15374,47,23,87,3.6,87,0.1,294.33556,3243514,6.3,6.1,0.663,11.5
55.7,452,3,5.09,203.7322893,70.8614566212634,1278,25.8,4,78,6.17,77,24.6,1713.47594,1962147,14.7,14.8,0.556,11.8
57.7,274,27,1.51,0.328418056,59.5808255709319,12237,12.1,36,62,5.87,59,2.1,3.685949,12152354,11.6,11.9,0.401,7.2
65,37,22,10.18,224.4600248,86.9179163599331,4800,54,26,97,5.42,96,0.2,1771.58662,146596557,2.9,3,0.709,12.1
59.3,33,19,6.1,50.28558223,53.3797139905741,0,35.6,26,54,5.47,48,4.8,393.16327,8834733,4.6,4.7,0.444,8
73.2,152,3,5.65,359.9760397,89,0,46.4,3,85,9.1,89,0.1,3225.591754,629877,2.1,2,0.664,12.4
80,71,1,2.41,250.9343317,96,2,6.6,1,95,7.44,93,0.1,2611.17931,6931,1.1,1.1,0.866,15.8
66.7,215,4,3.31,0,99,2,36.5,5,99,5.43,98,0.1,98.9999115695037,3.49996334235299,3.5,3.5,0.601,12.1
81,79,2,11.96,3715.370095,97,26,59.9,2,97,8.5,97,0.1,24918.64584,42921895,0.6,0.5,0.833,15.6
54.3,32,47,4.73,64.24025208,76,125,14.6,86,94,6.58,86,2,422.6332374,13829177,1,9.6,0.325,4.7
62.9,328,42,2.28349118071795,0,75,17,51.1,52,75,4.84789903965733,75,3.6,5769.77258,5511976.68,4.4,5.3,0.665,13
74.8,15,0,11.51,17.82121883,91.6563222346193,5,62.4,1,99,7.84,99,0.1,1448.87958,9971727,1.7,1.7,0.821,15.4
65,295,8,7.08,76.19868936,99,109,46.8,9,99,3.73,99,0.1,5291.57565,153884,2.4,2.5,0.747,14.3
58.1,329,8,0.01,54.37396957,5,34,26.7,11,49,1.4,5,0.9,458.4651734,439737,6.7,6.5,0.426,9.9
79.4,85,0,11.98,15345.4907,95,8,57.5,0,99,7.75,99,0.1,89739.7117,472637,0.9,0.9,0.88,13.5
67.6,226,1,8.15,0,99,87,47.6,1,98,8.24,98,0.1,102.479437822227,44.0010508525477,3.3,3.5,5.66498304534566,6.8844981484553
51,426,60,2.92,0,81,183,24.4,84,77,6.41,81,3.7,160.367563558395,133.501209702351,6.5,6.4,4.33674454684173,5.25840331412361
52.9,337,35,0.21,21.3378184,53.9449748816119,2151,17.3,56,56,3.76,53,3,322.811171,9137345,9.9,9.9,0.329,5.5
79.8,75,0,12.66,9528.230574,88.9943575825196,57,57.4,0,93,8.64,93,0.1,61235.415,4489544,0.3,0.2,0.908,17.9
65,327,18,11.57,625.5081805,97,454,55.3,20,98,5.21,98,0.3,5323.473877,143518523,2.4,2.7,0.748,13.7
58.6,284,71,1.76,30.86000992,60.9682436197399,2875,22.1984867466533,109,62,3.23,62,0.1,361.35843,2725535,1.88779413541002,1.88974107859463,0.394,5.5
72.5,146,0,3.97,47.35260547,12,0,71.4,0,54,4.52,26,0.1,359.82223,183526,0.2,0.2,0.688,12.9
69.9,146,24,0.58,88.16506179,9,10841,47.3,28,91,5.25,91,0.1,1721.973863,29843937,6.6,6.4,0.551,9.3
81,93,3,12.2,5451.701225,35,36,57.5,4,98,1.6,98,0.1,34879.72633,63179356,0.6,0.6,0.86,15.5
52.7,374,505,8.54,204.7186256,42,6447,23.5,788,42,3.3,42,4.4,2755.297787,167297284,1.7,1.6,0.507,9.7
66.4,161,352,8.63048929123191,0,72,386,25.4,433,72,19.3990662398477,72,0.1,1431.244865,18938513,19.2,19.6,0.548,8.1
74.7,122,0,13.78,93.67706503,88.4683721390634,19,56.3,0,95,6.35,94,0.1,785.881418,444,1.9,1.9,0.765,12.9
74.1,138,12,7.81,470.1869145,66,0,55.1,13,94,8.31,93,0.1,2579.193168,3788937,1.2,1,0.776,16.3
53.8,498,55,8.69,709.3170967,79,615,43.6,84,75,7.77,79,29.5,5414.634326,476667.24,11.6,13.9,0.609,12.9
59.1,342,7,0.64,10.26097341,84,24,13.6,10,98,3.14,98,1.8,287.4222243,3858623,9.6,9.6,0,5
65.6,22,7,2.75,579.4128244,98,0,45.9,8,98,1.96,97,0.1,6675.262954,5267839,3.2,3.3,0.672,10.7
55.3,42,31,0.01,82.76865922,96,11,18.4,46,95,12.6,96,8.3,374.51882,169735,6.6,6.5,0.454,10.7
75,175,0,3.43,199.4118322,89,0,66.5,0,83,5.16,85,0.1,1555.47451,175566,0.2,0.2,0.645,12
66.4,178,10,0.32,4.153362912,86,0,35.3,12,87,5.58,86,0.3,76.914128,739728,3.8,3.8,0.592,10.8
46.6,67,29,3.88,29.81456607,72,242,28.2,46,73,4.47,73,23.7,396.9982166,1332999,8.2,8.2,0.414,9.6
81.5,67,0,9.07,1040.278436,93,280,66.9,0,93,11.3,93,0.1,4453.24673,1577.73828734066,0.4,0.3,0.91,19.2
64.7,255,5,3.87684781914074,0,95,198,18.6,7,95,8.30046688007615,95,0.4,110.704030550848,102.502333870193,8.4,8.2,0.418,5
85,74,2,11.2,869.790735,88,1607,6.4,3,94,1.93,95,0.1,4681.32796,8274983,1.1,1.1,0.912,16.8
64.6,255,2,8.86,154.8758879,79,122,35.2,3,77,3.98,79,3.7,9679.742995,1817271,6.2,6.1,0.678,12.5
52.8,4,58,5.03,73.03276195,79,605,23.3,93,79,4.75,8,7.4,952.1872484,1742795,6.9,7,0.456,8.3
72.3,185,1,13.18,7.601092416,90.8976778373693,20,56.6,1,99,7.11,99,0.1,527.85364,1187576,2.2,2.2,0.769,14.2
66.1,2,0,0.01,97.87193319,75,0,77.1,0,79,1.21,75,0.1,1684.54274,11458,0.1,0.1,0.597,11.9
51.5,333,14,4.4,16.72142854,48.7841313395579,1379,2.4,20,54,6.41,42,3.1,174.1815473,2991132,9,9,0.386,10.5
82.3,57,0,10.01,2198.590865,91.4711933478036,77,55.4,0,96,11.7,95,0.1,74276.71842,782499,0.5,0.4,0.92,15.4
58.3,365,26,3.04135267151681,0,88,0,19.6,38,88,6.30046688007615,88,4.8,362.6575444,1757367,6.4,6.2,0.473,10.8
58.6,281,10,3.88,40.03344077,64,1,23.4,14,79,11.83,75,2.4,232.61732,3662993,7.7,7.6,0.394,9.8
73.1,147,15,4.53,62.43710774,93,0,51.3,17,94,6.11,93,0.1,379.78776,43835722,2.3,2.1,0.669,11.5
78,148,3,0.01,457.3202236,92,0,52.8,3,94,3.41,94,0.1,7145.628494,2382.8547677193,5.7,5.5,0.727,15.5
82,6,2,7.49,4793.904924,96,376,62.1,2,96,9.28,97,0.1,34814.12436,59539717,0.5,0.6,0.877,16.6
61.1,314,28,0.01,196.6675768,86,9,22.8,41,78,4.99,86,4.3,1738.8822,1562974,6.3,6.2,0.57,12.5
76.6,11,1,11.89,167.3280168,58,45,5.1,1,96,9.14,96,0.1,1152.39681,1289898,0.8,0.6,0.777,15.5
62.5,224,1800,0.93,19.26615743,59.0404530292162,38835,11.4,2500,57,4.26,58,0.3,438.864634,1535912,27.7,28.6,0.489,8.3
73.4,93,0,0.03,159.0098727,99,0,65.5,1,99,3.23,99,0.1,2271.56961,757.516401012703,3.2,3,0.788,14.1
73,192,4,3.61,15.25518816,83,0,42.8,5,85,5.39,83,0.4,116.2743,526796,2.2,2.1,0.562,10.1
73,14,118,0.01,62.34988484,96,5625,15.8,150,96,3.16,96,0.1,835.789341,153911916,18.7,19.2,0.545,9.4
71.6,158,0,1.24,40.49128897,93,0,65.5,0,91,4.75,91,0.1,263.27236,9882,0.1,0.1,0.676,13.7
58.9,413,43,7.38,123.753335,76,92,47.9,58,69,8.61,69,8.5,849.954224,51729345.36,6.6,8,0.638,12.8
74.1,112,4,2.15322563800798,0,99,0,65.6,4,99,4,99,0.1,496.99275,915932,4,4,0.741,13.1
72.4,148,0,1.79,503.5881956,89,0,7.1,0,89,5.61,88,0.1,2892.522663,11689,0.1,0.1,0.695,14.6
66.1,218,0,7.49,466.6693698,98,0,41.6,1,97,7.32,98,0.3,2716.35256,745693,5.6,5.4,0.618,10.5
79.7,91,0,9.96,579.7384368,93.1432652532295,2,59.8,0,99,9.2,99,0.1,4717.15571,5338871,0.9,0.8,0.878,17
57.6,31,42,1.6,3.336437969,8,12289,2.7,63,8,3.7,78,3.5,39.484473,19924522,8.8,8.8,0.484,7.6
78.7,96,1,4.16,742.1961992,96,0,59.2,1,98,8.59,99,0.1,6425.941119,2142.29447571696,3.4,3.2,0.778,15.7
71.9,164,0,9.06,95.19375921,96,0,41.8,0,96,5.88,96,0.1,7322.596862,2440.84371424853,3.9,3.9,0,15.3
61.8,22,49,4.35887816076581,0,65,7693,19.3,87,65,9.50046688007615,65,0.4,358.99731,19896965,9.6,9.4,0.351,5.4
71,198,4,8.44,52.42529588,46,0,6.1,5,72,7.67,76,0.2,429.71554,454896,2.3,2.4,0.744,15.2
61.2,278,60,1.8,109.7051836,96,2395,19.5,86,97,5.23,96,3.4,987.4453967,42486839,8.1,7.9,0.53,11.1
74.6,19,0,8.46,327.1618128,93,0,49.9,0,93,6.21,93,0.1,16523.32388,5507.72519518098,3.8,3.8,0.779,15.5
76.7,78,1,1.82,377.2009132,98,0,6.5,1,98,3.49,98,0.1,4335.64268,1445.53458275965,5.2,5,0.829,13.3
63.1,226,0,5.8,50.80181435,83.2300707677892,0,21.7,0,92,1.21,92,1.4,555.8185378,144889,7.6,7.6,0.501,9.6
62.3,259,34,0.68,6.448762615,77,3,17.1,49,77,4.5,77,0.5,47.733254,19996469,7.8,7.7,0.491,9.4
75.2,122,0,13.01,0,92,30,6.4,0,97,7.13,97,0.1,69.265864120291,15.0003665764701,2.2,2.2,6.99986335677052,7.68648955578495
66.2,215,0,2.74485518625185,0,95,0,46.7,1,92,5.40046688007615,95,0.3,4136.689919,768514,5.5,5.3,0.638,10.3
82,63,0,7.38,335.5180568,86,1,67.1,0,73,8.33,73,0.1,2675.58259,412477,0.8,0.7,0.815,14.4
78.3,92,3,12.46,4057.637383,86,6024,55.6,4,96,1.15,93,0.1,23687.31689,82349925,1.2,1.1,0.86,16.2
56.5,273,54,0.6,9.585584394,72,1719,2.7,91,77,6.35,73,1.5,78.377632,157585,8.8,8.5,0.396,7.3
69.8,212,5,8.39,375.6835376,48,39,58.5,6,57,7.81,52,0.2,2965.142365,45877,2.4,2.5,0.728,14.9
74,125,0,0.484467852015954,0,59,0,74.7,0,61,0.150233440038075,66,0.1,4149.363444,193759,0.2,0.1,0.702,12.9
72.5,168,11,8.01,0,5,22,53.4,13,86,4.91,77,0.1,77.491918562497,17.500109972941,1.8,1.7,0.67,10.6
71.1,144,0,4.16,209.0865,66,0,23.2,0,93,5,92,0.9,1768.92132,46147,8.9,8.9,0.572,11.3
59.4,277,70,1.59,30.62287548,22.2046443252615,4529,22.4107027115554,106,6,2.95,6,0.2,412.1517561,28679565,1.74457040299341,1.74631894470399,0.403,5.6
51.3,346,226,1.98,0,30.7076136576622,8282,14.9,332,42,1.45,4,2.5,110.711855017686,4307.09714276458,12.4,12.3,1.96433776372739,4.65943033256585
66.4,3,17,11.79,12.25184084,98,1147,55.7,20,98,5.3,98,0.3,692.194398,14349528,2.4,2.7,0.754,13.8
74.2,148,0,0.01,115.2784282,97,0,32.8,0,98,4.81,97,0.1,1153.93822,126934,7,6.9,0.769,14.7
66.9,235,1,4.61,134.1678932,97,8,45.9,2,96,5.29,95,0.1,1717.898761,2668289,2.2,2.3,0.686,13.8
86,67,0,6.75,1707.130633,91.5723379287998,4,58,0,94,8.4,94,0.1,9688.5961,4768212,0.7,0.7,0.936,17.6
73.4,158,9,4.13,14.5887403,69,2,44.3,10,9,3.86,89,0.3,193.741571,12852755,1.6,1.5,0.67,12.4
64.4,178,367,0.03,3.912744517,75,2801,2.1,459,75,3.35,75,0.1,95.4327931,16332974,2.8,21.3,0.505,6.7
55.5,281,25,1.29,45.33476384,70.1042228283834,5859,18.8,40,77,4.69,76,2.1,378.73654,776733,9.5,9.4,0.395,6.6
72.7,16,422,2.91,106.3590358,7,58341,21.9,511,86,4.79,86,0.1,1148.5857,1284,5.5,4.9,0.6,9.7
71.7,163,7,0.76,0,66,13,53.2,8,6,3.23,72,0.1,74.3291427939632,2863993,6.3,6.1,0.646,12
73.7,14,10,4.72,69.43934508,93,0,52.2,12,92,5.3,93,0.2,522.493191,29373646,1.1,1.1,0.708,13.3
65.4,226,36,0.04,0,73,400,39.6,46,67,5.78,73,0.1,94.5735731902935,223.004325602347,13.7,13.5,0.498,9
45.3,45,29,3.86,45.57108889,63,0,2.2,45,63,1.12,64,2.2,358.8274716,615417,8.9,8.9,0.357,8.2
80,78,0,9.08,372.6854142,95,2,63.1,0,99,9.76,99,0.1,2971.973,111717,0.8,0.7,0.857,16.2
59.9,26,38,3.69274871877835,0,91,99,19.4,61,91,7.75116720019037,91,0.6,615.592225,1811624,8,7.5,0.399,7.7
51,361,75,8.06,239.8913921,72,1449,21,115,73,3.38,71,2.5,4299.12889,24218565,8.9,8.8,0.495,9.4
55,359,27,0,0,55,0,26.0514286858714,41,55,0,55,4,1562.239346,167192,0,0,0,0
73.3,181,2,2.52,665.7260253,93,0,55.4,2,93,6.77,94,0.2,3988.771871,6281189,1.6,1.6,0.676,13.2
63,226,8,0.01,29.65370899,71.7299422484657,3611,22.9,12,75,4.53,76,1.3,528.586613,2957117,1.3,1.1,0.447,6.6
52.9,416,9,2.26,0,38.3885956304426,1678,19.3,14,31,2.13,33,7.8,142.025097780788,846.020332774876,9.5,9.2,0.487,9.8
57.9,286,10,4.03,3.686899287,63.4956636834777,1,22.9,14,67,1.24,65,2.8,21.3733292,3512932,7.9,7.8,0.383,9.9
63.7,26,3,0.36,7.127144699,57.6400825024302,203,13.5,3,55,1.5,55,0.1,478.331859,126484,12,11.9,0.492,10.6
73.6,9,0,0.01,239.5751391,99,10,66.3,1,99,2.38,99,0.1,3549.26132,1186.74324506611,3.2,3.1,0.789,14.2
74.6,12,1,3.91,295.6087143,93,13,54.1,1,95,4.48,93,0.1,3994.712355,29622,2.1,2.1,0.739,12.7
77.3,67,0,1.92,1079.893546,96,0,23.1,0,96,8.11,96,0.1,6497.55443,377,13.9,14,0.663,11.8
71.9,168,0,4.16,509.3899943,98,28,27.5,0,98,4.29,98,0.1,5229.876738,12213,7.8,7.7,0.696,12.8
62,347,42,7.38,922.0507313,8,66,5.3,52,77,8.8,77,3.7,6479.625659,54146734.74,4.9,5.9,0.66,13
56.8,33,30,0.21,19.68510257,57,89,19.8,47,59,3.21,6,2.3,437.4467238,1323142,8.6,8.6,0.371,7.9
79.1,62,0,12.01,239.6409938,93,1,56.8,0,97,6.89,97,0.1,3539.7488,181563,0.9,1,0.844,13.7
56.1,285,25,1.15,10.73628066,75,262,2.1,39,74,4.56,72,2.1,583.493514,7754,8.9,8.8,0.423,8.1
72.8,163,9,3.99,84.17527008,36,0,43.6,11,83,3.38,87,0.3,1451.29776,12628596,1.6,1.5,0.668,12.4
67.5,257,6,4.49,7.883791474,4,817,54.8,8,99,5.59,99,0.7,635.789635,49175848,3,3.1,0.669,13.3
76.5,19,0,13.03,0,98,7,61.8,0,98,6.69,98,0.1,37.0010801573389,3.5000855345097,2,2.1,6.85900294294598,7.4930123281616
72.3,195,0,15.07,101.1201161,9,0,55.2,0,95,5.13,94,0.1,885.465115,136255,2.2,2.3,0.805,15.7
57.3,332,26,0.421,0,31,878,29.7199066025393,39,41,0.421,31,3.4,758.725782,11882136,0.421,0.421,0.421,4.9
54.8,355,24,4.54,1.72659515,99,43,14.8,36,93,1.3,99,3.4,17.79995,7939573,8,8,0.309,7.2
81.7,65,0,11.12,16255.16198,94,0,6.9,0,99,6.94,99,0.1,119172.7418,556319,1,0.9,0.892,13.9
77.8,97,0,12.14,1884.098811,95,0,63.1,0,95,7.8,95,0.1,13467.46827,4238389,1.5,1.5,0.82,15.1
73.3,94,0,0.01,1209.680547,99,0,65,1,99,3.56,99,0.1,17789.41981,5930.08671085427,3.2,3,0.785,13.9
67.1,186,27,1.47,24.99438738,62,25,35.9,32,99,5.44,99,0.2,383.3494997,2527185,3.3,3.3,0.6,11
62.6,245,40,0.04,0,8,6285,33.9,53,8,4.58,79,0.1,102.481071502116,3169.07615015206,13.9,13.8,0.47,8.6
52.2,449,97,3.94,0,9,23,18.1,149,91,4.66,9,10,144.874046492302,85.9984603788255,7.7,7.6,6.07548079434095,5.24537757658819
73.9,152,6,1.83686056990997,0,81,0,58.9,7,87,3.25023344003807,85,0.3,6468.471648,1528394,3.3,3.2,0.718,13.2
79.7,78,2,7.7,4687.845565,14,15,6,2,88,9.54,91,0.1,28172.14883,31676,0.5,0.4,0.877,15.8
76.8,127,1,6.87,1092.155356,85,0,53.4,2,85,7.56,85,0.1,7429.628274,3579385,2,1.9,0.755,12.8
68.4,211,16,2.53,225.0619956,74.7153701592937,0,41.1,20,78,6.76,77,0.3,1568.376276,11924946,1.5,1.5,0.546,8.5
51.7,348,67,8.33,23.965612,64,11699,22.7,101,68,3.31,64,2,479.31224,2692466,8.5,8.3,0.527,11.4
81.7,57,0,7.4,10947.02327,53,30,58.1,0,98,11.8,98,0.1,57134.777,9519374,1.4,1.3,0.903,15.8
76,198,12,2.14,445.4423371,92,0,46.5,15,92,6.79,92,0.4,2635.753474,1431628,1.3,1.3,0.596,10.4
52.6,378,24,5.72,11.22655347,83,2,13.8,38,76,7.1,83,4.8,127.4296648,7182451,8.4,8.4,0.279,5.2
72.7,16,0,7.02,0,96,0,5.3,0,96,4.99,96,0.1,35.419649281496,0,3.5,3.5,0.712,13.3
79.3,6,0,10.8,230.2524184,96,0,57.3,0,99,7.4,99,0.1,3215.8159,19876,0.9,1,0.849,14.1
73.2,133,1,6.66,18.5314303,54,23,51.3,1,93,1.19,88,0.1,276.588512,3978,2.6,2.8,0.734,12.8
55.5,278,55,0.57,102.1413744,74,98,19.6,94,74,6.74,74,1.6,689.6784228,14138216,9.2,9,0.36,5.8
62.8,274,2,2.79,56.431387,93,925,38.5,3,94,4.92,94,0.1,474.2133361,2397436,2.6,2.6,0.582,8.9
88,64,0,6.5,6369.516139,94.9654224109997,19,55.7,0,98,8.95,98,0.1,46256.4716,9855,1.3,1.3,0.892,15.9
67.9,189,143,0.08,125.7980678,82,20818,22.1,174,85,2.83,78,0.3,2254.44566,23934478,1.7,1.6,0.645,11.7
73.9,128,1,4.7,9.444875415,79,1356,48.6,1,82,8.6,82,0.1,153.57521,419,2.8,2.9,0.703,12.2
71.7,165,4,9.82,431.3250367,99,117,53.4,4,97,5.43,97,0.1,3552.92452,21451748,3.4,3.9,0.733,12.9
79.8,77,2,9.05,0,91,194,28.2,2,91,5.99,91,0.1,53.1340310293034,98.0023460894088,1.5,1,5.22502175508456,5.6014499955119
69.7,161,10,1.91415964193732,0,96,3,4.7,11,96,3.64976655996193,96,0.2,918.6771543,8548651,3.6,3.7,0.625,11.3
42.3,496,30,3.99,38.52454761,59.4119364163053,7,18.8,47,69,11.66,65,2.1,263.145817,5439695,9.5,9.5,0.332,7.6
62,329,6,1.23,11.42385961,91,55,14.7,9,91,3.29,91,1.3,317.3294336,4153332,9.2,9.2,0.405,5.3
81.1,72,2,9.34,0,99,42,3,2,98,6.83,99,0.1,54.0823048693751,22.0004887686268,1.5,1,5.60927099314202,6.02544161557318
68.8,183,0,0.01,3.718438799,88,0,49.7,0,94,5.5,88,0.1,29.652622,57554,1.1,1.2,0.512,9.6
88,65,0,6.79,8506.101443,95.6619646520997,0,56.5,0,99,9.59,99,0.1,46917.27216,29274,1,0.9,0.873,18.3
71.4,154,18,4.59,297.5112337,88.3024891840894,1,45.4,24,93,4.83,98,0.5,1996.719689,25914879,1.4,1.4,0.674,13.5
67.7,273,5,9.46,456.4586664,84,48,57.6,6,91,6.63,9,0.4,3891.37823,462582,2.5,2.6,0.73,14.9
71,146,6,3.35,0,93,0,31.8,8,99,4.35398758820921,93,0.1,75.5926194214875,3.99990224627463,5,5,1.82040503505378,4.10800153508452
74.1,149,0,12.09,0,96,0,42.2,0,96,7.43,96,0.1,77.4902848826078,0,4.3,4.4,0.71,12.6
99,99,0,0.01,0,99,0,4.3,0,99,4.3,99,0.1,45.7922565705051,0,4.3,4.3,1.48003945632397,2.33946216185266
79.8,75,2,9.69,3.1222302,95,0,55.7,3,96,8.11,93,0.1,24.819,569741,0.5,0.5,0.828,14.9
9,9,0,0.01,78.28120317,9,0,79.3,0,9,16.61,9,0.1,3542.13589,1819,0.2,0.1,5.61757237683632,0
79.4,96,1,3.42,386.1379123,94,0,58.5,1,95,9.47,95,0.1,1569.66631,47641,1.7,1.7,0.762,13.7
71.6,125,5,1.98,263.142699,84,0,48.8,6,91,5.1,87,0.1,7189.691229,917382,2.8,2.9,0.741,11.7
77.8,89,4,10.59,0,86.9943575825196,104,57.5,5,91,6.94,91,0.1,56.9298778504563,54.5012097023514,0.7,0.5,6.08553444148384,6.34006447156713
74.7,95,1,1.62,8.140373615,81,22,63,1,75,7.42,81,0.1,84.268878,4183156,4.7,4.7,0.746,13.2
77.2,113,0,10,235.3785281,88.9019096504795,0,53.5,0,94,8.47,94,0.1,1726.9151,199712,2,2,0.85,16.6
54.4,36,5,3.22,21.53374936,66.9379218597615,0,2.7,8,74,5.87,71,5.6,418.94454,1412669,8.9,8.8,0.388,8.3
76.5,127,1,6.74,956.8229765,86,0,52.7,2,86,6.75,86,0.1,6973.9284,3516268,2,2,0.75,12.8
59.5,271,2,0.08,29.41897495,82.9739580849549,0,18,2,98,3.39,89,0.1,433.2691451,569479,7.7,7.7,0,8.8
73.5,15,1,2.19,527.9176618,74,526,59.7,1,74,9.3,74,0.1,5425.6697,371464,4.8,4.7,0,14.8
81,65,1,2.47,471.5533294,99,931,62.1,1,94,7.33,94,0.1,29657.4421,7388,1.1,1.1,0.877,15.8
71.2,188,7,6.13,340.0239945,66,113,44.1,9,71,5.59,72,2.5,2862.154836,8697126,3.8,3.6,0.656,12.3
78,95,3,12.91,4238.540035,84,0,55.1,4,94,1.1,9,0.1,23718.7467,8221158,1.2,1.2,0.855,16.2
57.2,38,43,1.6,20.65432873,78.6535010258792,23068,19.5,65,88,3,88,3.6,263.1124679,18938762,9.2,9.2,0.48,7.7
79.4,83,2,12.09,3205.019918,81,256,59.3,2,99,7.99,98,0.1,21495.7741,42187645,0.6,0.5,0.83,15.6
58.7,32,18,6.1,64.39853344,57.098114365432,0,37.5,24,58,5.61,55,4.3,387.9429725,9119178,4.5,4.5,0.45,8.1
69.5,184,0,6.85,549.8096097,97,0,46.3,0,98,5.81,97,0.3,4258.788611,313929,3.5,3.4,0.7,12.7
47.7,539,115,10.57,26.97625217,53.1098652458638,48543,13.3,187,56,7.26,55,10.8,234.984775,24854892,6.9,6.9,0.396,10.8
78.4,93,0,10.99,9703.068121,84.3902632734598,2,55.9,0,87,9.99,87,0.1,58487.451,5461438,1.2,0.9,0.904,16.7
72,142,30,0.17,0,66,4088,5.1,37,8,3.38318641118005,78,0.1,69.5838183686096,24251649,5.6,5.3,0.607,8.7
74.7,19,0,0.47,1078.66244,99,11,27,0,99,3.6,97,0.1,16468.12886,5492.99379303199,6.8,6.2,0.819,13.4
63.1,25,8,3.6706827935453,0,73,1,3.8,12,67,7.65070032011422,73,0.9,1158.256469,4182341,7.8,7.5,0.513,8.5
76.9,12,0,11.69,508.7496912,90.9004990461095,14,52.2,0,97,8.7,97,0.1,3743.55917,5339616,1.3,1,0.86,16.5
54.1,361,24,4.5,21.24915339,92,784,14.5,36,88,11.49,92,3.8,165.8794176,7675338,8.1,8.2,0.29,5.9
56.7,336,14,1.24,77.09551224,78,425,2.9,22,78,6.64,78,4.3,499.6468713,633472,7.5,7.4,0.442,10.6
74.5,149,3,2.87,345.3776344,97,0,5.2,4,97,8.72,97,0.3,2242.711912,889216,2.1,2.1,0.618,11.4
71,213,3,2.77,440.6027042,89,0,49.4,3,89,7.19,89,0.2,2835.281237,628961,1.9,1.8,0.644,12.7
53.6,29,57,0.55,60.21211141,83,33,18,101,78,6.34,77,1.9,487.942556,12798763,9.9,9.7,0.338,5.8
57.8,291,29,0.2,29.74734049,64,45,2.8,44,62,4.55,64,2.2,438.7513346,179417,8.2,8.2,0.38,8.3
62,228,7,0.02,4.113190741,81.4568542813672,883,22.3,12,91,5.31,89,1.2,46.9542322,2873228,1.5,1.3,0.446,6.5
79.1,82,2,7.6,3787.49456,85.6706613010558,206,57.8,2,88,8.67,89,0.1,24124.16917,37697,0.5,0.5,0.864,15.9
79.3,99,3,13.49,4572.441963,28,0,56.4,4,96,1.43,97,0.1,29691.18158,62244884,0.6,0.6,0.852,15.4
57.6,328,22,6.88,78.47020226,99,494,15.9,34,99,1.2,99,6.2,342.3656294,92658,6.8,6.8,0.404,9.3
72.1,157,1,2.7,0,88,0,53.4,1,88,2.74976655996192,87,0.1,77.1747381625469,0.499987780784329,2.7,2.8,0.1,2.8
58.7,254,25,1.33,94.25737917,76,392,23,39,77,4.95,76,1.4,757.695974,9199259,7.8,7.6,0.451,9.5
52.6,362,46,0.01,11.3020668,37,1275,18.7,78,44,3.62,37,2.9,125.998515,13569438,8.7,8.5,0.39,7.3
64,221,7,2.35,106.180706,85.2677025882652,9,38.1,9,94,3.87,95,0.1,774.4763388,45648,3.6,3.5,0,10.2
86,69,1,9.84,588.568371,95,70,6.9,1,92,8.57,92,0.1,3472.37977,21274,0.7,0.6,0.908,20.7
73,178,0,15.04,1968.816817,93,35,61.4,0,93,6.59,93,0.1,15712.82376,2957689,2.7,2.7,0.834,16.4
67.3,248,1,10.78,0,99,6,48.3,1,99,9.15,98,0.1,109.438490327674,3.50006109607835,3.1,3.3,6.89511317969364,8.05017856310352
75,183,111,7.26,179.4777293,94,36,43.7,127,99,7.3,98,0.1,3739.11936,175287587,3.4,3.4,0.677,14.1
67,336,22,2.71395464080228,0,87,0,31.8,32,88,5.55023344003807,87,6.2,118.69383,15777451,5.6,5.5,0.507,10.3
55.7,345,15,1.37,6.226048785,75.7372523089632,26,19.3,22,85,5.56,84,5,377.33629,5837792,8.1,8,0.436,10.2
74.9,138,3,6.97623281573562,0,99,1568,23.4,3,99,15.0502334400381,99,0.1,3844.89123,2966,15.1,15,0.764,14
81.1,7,0,11.34,2284.58215,94,2,6.1,0,99,7.18,99,0.1,16749.136,53946,0.9,0.9,0.892,13.9
55.3,293,46,4.58,73.92730583,89,12,15.1,83,93,6.63,89,1.7,475.11122,1425221,9.8,9.3,0.334,4.9
76.4,89,0,0.11,1504.30004,99,16,3.1,0,92,3.1,92,0.1,21896.6527,7304.15221450151,6.5,6,0.828,13.7
73.5,134,0,0.01,57.12190146,73.5,0,55,0,73.5,8.45,73.5,0.1,338.199535,613353,2.3,2.4,0.74,12.6
67.8,183,24,1.59,34.41887163,99,75,37,29,99,5.11,99,0.3,465.1198869,2586435,3.2,3.2,0.613,11.6
86,74,3,10.68,0,92.2688801698998,1112,64.2,4,95,9.34,95,0.1,53.4500076651245,558.013538890963,0.8,0.5,6.92383107576763,7.30835435205381
77.5,8,0,5.59,134.3547253,88.9929469781495,2,62.3,0,94,6.83,94,0.1,1139.5651,3987,0.8,0.7,0.779,13.8
65.4,192,18,3.52,0,70.8814577095172,0,25.2,25,93,5.02902376894475,56,0.1,78.4426859139786,12.4996945196082,6,6,1.91039545227197,4.65929927697552
59.8,296,1,0.45,20.86878709,25,24,3.9,2,88,7.72,88,3.5,147.586896,8942,5.8,5.7,0.416,4.5
65.2,233,12,0.01,11.71090655,98,17,2.1,17,98,7.69,98,0.5,688.8768557,1165151,5.9,5.9,0.485,10.8
76,145,32,0.19,21.82252494,72,492,55.8,39,74,3.82,74,0.1,452.74948,376271,5.3,5.1,0.646,10.4
55.7,34,3,7.97,115.0692415,51.4054099397059,78,21.7,4,57,5.32,43,7.3,1653.2937,99111,9.2,9.2,0.59,9.1
74.7,142,0,9.99,0,98,0,45.2,0,98,8.35,98,0.1,75.9085100741566,0,4.3,4.3,0.735,13
82.7,57,0,1.83,714.3441019,97,138,32.7,0,97,4.53,97,0.1,5629.18914,1922.38087020675,2.2,2.2,0.92,15.4
71.3,178,0,5.73,1168.324095,84,0,56.3,0,84,6.9,84,0.9,9272.413453,53777,3.5,3.4,0.708,12.7
56.5,449,46,7.6,782.5987144,74,5857,46.4,70,75,8.39,76,19,5888.6284,5255813.11,8.1,9.8,0.622,12.8
73.9,92,8,0.09,173.5755595,98,362,64.7,9,98,3.57,98,0.1,2377.74739,916.245447233241,7.4,7.4,0.804,13.9
73.1,166,1,3.48,155.5884677,36,0,44.5,1,99,4.56,96,2.3,3465.221998,2712511,1.9,1.8,0.694,11.9
81.8,53,0,8.25,6005.575763,91.6908998236196,0,58.9,0,96,8.86,96,0.1,41676.44527,31841,0.9,0.9,0.894,18.4
58.2,354,8,2.75,0,64,84,22.8,11,71,2.54,72,5,134.746371363981,47.500892002744,8.5,8.2,0.517,9.8
73.5,143,0,8.42,789.2764615,97,0,47.4,0,81,6.1,97,0.1,8569.776998,2856.56669516103,3.8,3.8,0.749,15.8
74.6,152,8,6.41,789.0772949,99,0,32.4,10,99,4.12,99,0.1,5941.8471,68416772,7.8,7.8,0.737,13.6
79.7,57,0,10.69,2443.325028,96,0,58.3,0,99,7.54,99,0.1,32233.83942,1124835,0.9,1,0.847,13.8
72.2,192,0,12.4,1446.529217,95,0,59.7,0,98,7.53,98,0.1,11837.3913,3162916,2.8,2.9,0.825,16.6
74.4,111,0,8.95,25.52277112,85,0,49.2,0,85,6.1,85,0.1,1657.3228,552.435975255354,3.9,3.9,0.775,15.3
73.1,138,3,0.48,264.2496129,95,632,28.8,4,96,3.95,96,0.1,4463.675893,2468873,9.3,9.1,0.724,12.1
75.4,16,0,5.16,8.240355867,94,166,51.5,0,95,8.37,95,0.1,418.292176,3774,2.8,2.8,0.703,12.9
65.7,24,0,0.01,147.4549755,94,0,76.2,0,92,1.37,94,0.1,1763.815497,16613,0.1,0.1,0.581,11.9
75.8,85,1,1.86,4003.908598,92,55,54.8,1,94,2.93,92,0.1,45758.9554,15271.5154303097,5.1,4.9,0.829,13.1
66.6,165,2,0.09,36.199487,72,10,15.1,3,78,1.2,72,0.1,757.3114436,19221,11.6,11.6,0.599,12.1
74.4,144,8,3.52,19.13983284,96,0,47.9,9,92,5.86,96,0.3,335.786541,1396748,1.4,1.3,0.693,12.8
71,194,4,3.81,36.81621175,79,0,45.7,4,8,6.13,79,0.3,191.55157,53973,2.1,2,0.587,11
74.4,88,7,0.09,2017.643131,98,154,67.3,9,98,4.68,98,0.1,24575.434,8246.07257135037,7.7,7.5,0.841,15.8
62,266,9,3.72,60.44658161,77,279,25,12,77,11.23,77,1.5,379.689583,47167,7.2,7,0.406,9.5
63.9,234,14,2.26,0,77,0,44,18,76,6.53,77,0.1,98.3690760788382,8.99978005411792,1.4,1.3,0.61,14
67.5,225,1,6.71,0,99,4929,47.2,1,98,8.31,97,0.1,101.84688266852,2465.06021629483,3.4,3.6,5.18244741281715,6.46584472657433
64.7,287,8,6.55,33.91660183,99,2204,45.8,9,99,3.95,82,0.1,2874.288291,1512985,2.5,2.6,0.725,13.5
78.9,76,1,2.53,199.9341033,98,36,58.3,1,93,7.13,93,0.1,2152.1432,6289,1.1,1.1,0.845,15.2
58.7,271,13,3.13,0,55.0084876421321,94,12.7,19,55,4.32,52,0.1,102.167072478793,56.5009164411753,1.4,1.5,0.463,8
84,7,0,11.72,6386.95437,95,285,59.7,0,95,8.15,95,0.1,52567.52568,4576794,0.3,0.2,0.909,18.5
75.3,14,0,1.03,0,97,4,59.1,0,98,6.7,98,0.1,35.4194773151919,2.00004887686268,2.2,2.2,0.741,12.9
54.9,464,28,6,63.75053034,94,0,29.9,42,93,6.31,93,13.3,839.927936,14386649,6.8,6.7,0.452,10.1
68.4,154,6,0.62,8.59680496,5,827,44.2,8,78,7.92,77,0.1,145.2163,8365,3,3,0.668,11
78.7,83,0,9.13,2892.257132,89,21,6.3,0,84,7.89,9,0.1,16874.31232,5631.72049430583,0.3,0.3,0.873,17.5
73.4,132,20,0.36,270.2401962,8,944,49.8,23,95,3.36,95,0.1,3464.6179,33777915,6.1,6,0.686,12.3
75.5,83,18,4.12191509028832,0,98,615,59.7,21,98,8.54976655996192,98,0.1,57.2455965368213,318.007258214109,8.5,8.6,0.774,14.8
49.8,416,87,2.16,40.82597077,76,7155,17.3,127,76,6.45,76,14.5,262.884551,19139658,4,4,0.311,6.2
61.5,253,19,1.38,8.38611924,78.1938495516833,352,13.5,24,86,6.43,85,1.7,48.615184,1363377,11.6,11.7,0.458,9.7
79.9,89,0,9.72,591.6691405,93.2039568050095,5,6.2,0,99,9.5,99,0.1,4622.41516,5363352,0.9,0.8,0.874,16.8
54.8,337,3,7.28,827.5979335,35.020784672152,0,2.5,4,52,2.13,4,5.3,12732.2759,792217,9.7,9.6,0.569,9
62.7,241,61,2.12,196.6892153,93,5616,25.6508715356217,91,93,8.3,93,0.3,1666.857757,35167314,4.59094944965033,4.59632963079905,0.463,7
72.9,161,0,3.24,582.5143743,97,13,29.1,0,96,4.24,97,0.1,6574.654338,123963,7.5,7.4,0.72,13.5
73.9,158,10,5.95,71.6850913,98,2583,27.9,12,99,3.81,99,0.2,575.32176,672888,8.2,8.3,0.711,13.1
82,6,0,10.29,2084.255535,91.3801560201336,2022,54.6,0,96,1.29,95,0.1,72119.5687,7647675,0.5,0.4,0.914,15.3
75.3,125,8,5.38,946.6521165,88,0,54.2,11,71,5.23,88,0.1,6583.116248,3565716,1.1,1.1,0.731,13.4
53.1,437,96,4.07,0,9,2362,18.6,145,91,6.86,9,9.4,141.078199671149,1253.52709000114,7.6,7.5,6.67313912442123,6.120640075453
74.2,116,21,1.49,32.78235828,96,7,61.9,25,97,5.61,97,0.1,1672.5693,72326914,4.9,4.7,0.715,13
68.7,184,0,0.01,247.9492284,99,0,48.1,0,99,5.48,99,0.1,1858.689868,551531,1.2,1.2,0.505,9.4
73,11,1,2.19,510.6035166,8,8,58.6,1,8,1.9,8,0.1,5253.122599,3359859,4.9,4.7,0,15
78.8,64,0,11.47,1700.841534,93,0,55.8,0,97,6.28,97,0.1,27169.99256,14559,0.9,1,0.829,13.4
69.9,185,0,6.41,1902.693048,9,0,4.2,0,91,4.4,9,0.3,21188.11857,1315372,6.1,6.4,0.767,12.4
49.6,381,30,0,0,49.6,0,23.4936520512586,49,49.6,0,49.6,3,176.256555211249,6974442,0,0,0,0
81.8,67,2,8.2,9733.228019,55,83,65.8,2,91,1.67,91,0.1,52413.72116,35155451,0.5,0.5,0.909,15.9
73.9,87,1,0.1,3001.628237,99,0,67.9,1,99,3.87,99,0.1,37567.3121,12522.658306274,3.3,3.2,0.788,13.6
70,196,0,5.13,885.0739766,87,0,54.1,0,85,6.14,87,0.6,7443.85178,52619,3.5,3.4,0.696,12.1
82,94,3,13.18,5291.234786,35,4448,57,4,99,1.53,98,0.1,33874.74255,6274897,0.6,0.6,0.857,15.5
74.7,136,28,3.01,0,67,17,12.3,35,92,6.9,92,0.2,72.113179151916,25.9997800541179,14.9,15.8,0.625,11.4
82.9,56,0,1.83,7971.646361,96,0,32.9,0,96,4.92,96,0.1,56336.7234,18778.7392620014,2.2,2.2,0.922,15.4
78,132,6,2.1,22.48638351,74,0,47.3,6,84,5.85,81,0.1,495.294791,8947243,2.8,2.9,0.728,11.6
59.1,39,2,1.02,121.4812077,68.0853949101896,49,3.6,2,72,7.5,72,3.7,965.6693779,79628,5.8,5.7,0.405,4.3
69.6,139,0,1.83,300.1621026,96,20,15.2,0,98,8,98,0.1,2182.99711,286,14.8,14.8,0.577,11.3
67.5,278,16,12.04,161.7301654,98,27,56.6,18,98,6.22,98,0.3,11635.2637,14274235,2.3,2.5,0.769,13.9
75.8,15,1,0.54,158.27708,99,5,52,1,99,2.49,99,0.1,2986.36,997.444440842312,6.9,6.8,0.797,13.6
76.7,128,2,10.93,250.0773782,98,0,59.1,2,96,6.7,99,0.1,13893.18768,3863255,2,2.2,0.829,15.4
86,79,0,10,2698.01817,98,1,6.2,0,98,9.55,98,0.1,21618.73534,1457295,0.7,0.5,0.827,16.3
67.8,235,7,6.64,808.243302,99,0,48.5,8,99,4.13,98,0.1,7165.2775,169271,2.3,2.5,0.758,14.6
85,76,0,8.02,3192.887363,95,40,64.3,0,99,9.77,99,0.1,25916.29353,1114899,0.8,0.7,0.86,16.7
83.5,56,2,7.55,94.43428615,93.1820986712516,229,28.2,3,99,1.25,96,0.1,4454.44746,127445,2,1.7,0.894,15.3
59.6,321,11,0.59,124.3789361,67,3863,39.6,14,62,6.79,68,1.4,588.3582595,61724,1.5,1.4,0.433,7.2
48.2,632,30,3.56,20.84342867,75,0,28.6,46,75,4.96,75,20.5,325.678573,13558469,7.8,7.8,0.421,9.7
65,211,0,0.68,188.7108773,96,0,73.4,0,93,13.66,94,0.1,1357.632211,96311,0.2,0.1,0.574,11.8
58.2,288,3,2.93,0,95,0,21.5,6,94,5.52,95,3,121.142609309019,2.99992668470597,9,8.9,0.415,8.1
71.2,21,0,10.2,42.87208671,95,7,57.2,0,97,6.26,95,0.1,353.147337,347818,3.3,3.3,0.757,14.7
48,513,30,4.06,36.59114895,51.8078180913338,568,17.9,48,54,11.96,53,1.7,249.939542,4957216,9.9,1,0.306,7.2
53.1,334,3,5.07,197.7839552,43.0934405227623,1339,18.7,4,43,1.78,35,2.3,2283.87939,639762,1.6,1.4,0.527,8
81,76,0,9.19,606.3106561,88,25,63.2,0,88,8.35,88,0.1,3259.73471,1094.90205916623,0.3,0.3,0.891,19.2
71.8,157,0,1.35,330.1007394,91,4,66.2,0,91,5.66,89,0.1,1837.977391,98611,0.1,0.1,0.674,13.2
75,162,0,9.34,0,95,0,62,0,97,7.63,98,0.1,82.2349214427448,0,2.5,2.5,0.788,12.6
71.1,171,0,6.94,1578.872339,92,0,46,0,94,5.93,92,0.3,19325.24283,1354493,5.8,6,0.778,12.7
73.6,142,0,2.07222613387123,0,92,0,48.4,0,99,3.8,92,0.1,9212.192824,3070.70338196446,3.8,3.8,0.751,15.8
59.7,3,18,6.64,44.25687135,56.0084876421321,0,36.5,25,56,5.32,53,4.6,329.782946,8976552,4.5,4.6,0.447,8.1
81.3,66,1,10.56,872.5986092,94,11,62.5,2,92,8.53,92,0.1,4991.98289,28276,0.7,0.6,0.918,19
83.4,49,0,0.704867937021082,0,92.8729744789596,35,57.4,0,97,0.350233440038075,97,0.1,8989.8424,8282396,0.4,0.3,0.938,16
44.6,717,28,4.14,8.7174087,65,420,27.5,43,69,6.44,68,30.3,444.76575,129432,9,9,0.406,9.3
62,269,3,0.01,0,98,0,25.4,5,98,6.12,98,1.4,116.081222264692,2.49993890392165,7.8,7.7,0.44,8.8
74.4,138,2,9.58,1078.358105,96,7450,58.4,2,92,5.48,91,0.1,8558.39766,25835,2.8,3,0.797,15.3
74.1,157,9,1.12909803779829,0,87,0,62.1,10,87,1.55023344003807,87,0.1,77.1747381625469,4.99987780784329,1.6,1.5,0.769,14.3
73.2,96,0,0.01,959.925862,95,6,64,1,94,2.51,98,0.1,18389.38433,6132.07314717443,3.2,3.1,0.786,14.1
81.3,69,0,9.18,10019.0763,93,8,66.4,0,92,11.17,92,0.1,42889.88141,14299.1655702954,0.3,0.3,0.908,19.3
73.5,91,0,0.02,1731.073528,94,23,65.9,1,98,2.76,98,0.1,26921.8278,8981.8622752703,3.2,3,0.791,14.4
67.6,256,6,5.92,21.22386354,77,411,55.7,6,99,6.93,97,0.9,148.522488,4781295,2.8,2.9,0.691,14.3
62.9,2,364,0.04,30.59320769,7,2981,18.9,459,78,2.91,77,0.1,711.4699463,15399667,21.2,21.7,0.487,6.1
78.4,98,0,9.31,3869.026302,91.4020141538915,0,57.1,0,96,8.15,98,0.1,32816.1688,521314,0.9,0.8,0.866,18.1
81.7,61,1,2.63,409.4109292,97,23,63,1,95,7.36,95,0.1,3661.994,76236,1.2,1.1,0.878,15.7
62.7,256,1,0.53,229.4410095,82,28,33.8,2,82,9.14,82,2.1,1622.637974,896688,5.6,5.4,0.464,6.3
71,192,8,3.78,0,94,0,51.2,10,95,5.96,94,0.1,90.4596001545178,4.99987780784329,1.2,1.1,0.661,13.8
82.4,53,0,1.16509860449915,0,67,22,59.5,0,98,1.45023344003807,98,0.1,5585.25847,9799186,1.5,1.4,0.909,15.9
46.4,693,2,5.51,299.3671252,9,59,31.6,4,96,4.65,96,31.9,4163.6596,184339,1.9,1.8,0.567,11.8
58,386,25,6.61,9.696689164,43.6546217525416,18363,12.8,41,71,4.98,8,5.2,135.9984455,6476,9,8.9,0.268,4.5
75.9,128,28,4.09,0,95,15033,16.7,35,96,7.7,95,0.1,70.5313183603128,7534.18326379663,14.3,14.7,0.675,12.5
71.2,17,0,2.91142171360456,0,9,0,47.1,0,88,5.79953311992385,96,0.3,17321.83373,13692,5.7,5.9,0.779,12.7
73.2,11,4,1.19,257.2878697,94,231,48.9,5,98,5.29,98,0.1,2254.933126,978571,6.5,6.4,0.654,13.1
72.2,184,0,6.33,701.8526364,99,0,31.8,0,99,2.64,99,0.1,11122.8627,86956,5.9,6.3,0.739,13.2
59.9,268,40,0.93,37.12894787,61,62233,15,60,65,4.81,66,0.7,316.7998965,17279141,8.3,8.3,0.457,8.5
73.6,148,3,5.36,441.8446244,87,0,47.9,3,83,1.33,87,0.1,3855.537735,6379219,2,2,0.679,12.3
73.2,99,9,0.1,1307.89002,96,4648,61.6,10,96,3.49,96,0.1,16472.1665,7043.38430435551,7.2,7.3,0.773,12.7
81.5,83,3,11.5,751.3793553,78,0,61.1,3,99,11.44,99,0.1,4838.2444,6565979,0.6,0.6,0.885,16.1
59.3,265,13,3.33,0,55.5619976527381,2070,13.3,18,55,4.4,53,0.1,100.585383653494,1044.02507383056,1.3,1.4,0.468,8
73.5,12,0,1.75,0,96,1,55.9,0,96,6.9,95,0.1,33.838132422501,0.500012219215671,2.4,2.5,0.709,12.2
54,485,55,6.93,519.1563781,71,244,42.2,82,7,8.26,69,28.9,3775.68275,46418193.9,13.5,16.1,0.613,12.9
71.8,134,0,4.26,3.349816965,93,0,24.3,0,95,4.86,95,0.8,248.13459,474567,8.5,8.5,0.582,11.2
71.4,167,18,4.66,477.1341814,78,1,46.7,21,82,5.91,79,0.1,2472.197831,443958,2.6,2.3,0.65,11.3
73,167,1,3.76,211.1143318,91.1100982685993,0,43.5,1,99,4.86,99,2.3,3596.496282,2695446,2,1.8,0.69,11.7
73.2,136,0,0.01,492.0552263,64,1,73.4,0,62,5.2,64,0.1,4234.554443,189194,0.2,0.1,0.698,12.9
73,121,2,2.76,57.10318825,61,35,46.5,2,83,7.82,87,0.1,733.974142,43864,3,3.1,0.673,11.7
69.2,177,0,0.767931949638747,0,98,0,5.5,0,99,1.14976655996193,98,0.1,1922.41388,587482,1.1,1.2,0.514,9.6
67.5,18,0,3.15,0,89,0,62.8,0,88,9.69,92,0.1,34.7873520772454,0,0.2,0.2,0.612,10.4
79,98,1,3.41,2429.854745,84,0,56.5,1,82,9.73,85,0.1,9186.59639,46474,1.8,1.7,0.752,13.4
55,339,3,6.86,1024.519543,49.474798140442,5,2.9,4,54,2.25,41,5.9,15761.83913,829327,9.5,9.5,0.587,9
59.1,331,11,0.68,93.37278497,59,4023,38.2,14,52,6.68,55,1.3,539.41528,5716152,1.5,1.5,0.422,6.6
69.2,231,5,8.71,324.5491348,66,0,58,6,74,7.8,71,0.3,2545.48341,46533,2.5,2.6,0.734,14.9
79.8,71,1,9.79,8344.010392,91.0839843058196,1,56.5,1,96,9.36,96,0.1,44453.97119,1634611,1,1,0.893,16.5
78,1,1,11.01,2943.375396,6,83,58.5,1,96,8.29,95,0.1,23121.56635,128657,0.8,0.8,0.873,18.2
82,61,0,1.84,4540.543752,96,50,31.8,0,96,3.96,96,0.1,46569.67951,15539.7543333726,2.1,2.1,0.889,14.5
75.4,122,1,5.66,882.356362,94,0,57.7,1,95,11.59,94,0.1,4117.38853,332496,1.7,1.6,0.75,15.5
76.1,138,0,0.01,2146.945741,94,7,58,0,93,5.83,93,0.1,17454.84342,1327439,1.9,2,0.838,16.4
67.2,161,2,0.5,2.726570602,67,763,15.8,3,66,0.76,67,0.1,114.56179,1131523,11.3,11.4,0.607,12.5
74.2,134,12,4.22,448.7670462,94,0,49.5,15,94,4.47,94,0.4,3171.49856,27949944,1.2,1.2,0.693,13
44.6,611,43,2.61,46.83027463,73.0654134262729,16997,17.1,70,86,6.56,85,18.6,378.2736238,1824125,7.4,7.4,0.424,9.8
73,141,6,1.18,206.2616134,68,5,46.6,6,85,4.37,81,0.1,5574.6382,87634,2.8,2.9,0.719,11.6
75,88,0,1.62,659.8499118,98,47,18.7,0,98,7.37,98,0.1,4428.522898,333,14.3,14.5,0.622,12
79.5,8,4,11.84,0,88.2067780137497,1022,61.9,4,92,8.42,92,0.1,31.6241463929513,513.012439161553,0.7,0.5,7.02227068439121,7.33036882131813
81.4,66,0,12.32,8350.193523,98,117,57.1,0,98,11.21,98,0.1,51322.63997,8541575,1.8,2,0.892,15.9
68.2,261,15,11.21,137.0063357,98,101,57,18,98,7.44,98,0.3,8562.89598,142785342,2.3,2.5,0.776,14
75.4,114,0,13.11,1116.396502,89.7487701666594,54,56.9,0,96,6.56,96,0.1,9365.742468,4439,1.9,1.9,0.771,13.3
72.2,185,0,7.82,21.4653132,99,0,3.1,0,99,3.91,99,0.1,1192.5174,82858,6,6.4,0.712,12.1
76.1,124,34,5.3,1117.196097,98,3,6.8,39,97,6.4,97,0.1,9834.472689,119917,1.6,1.6,0.745,12.6
63.2,23,1,0.01,73.86584922,88,0,23.7,2,87,6.75,87,0.8,852.954379,759385,6.8,6.6,0.497,11.1
51.5,41,61,4.43,41.73629221,58.8600220009817,23934,21.3,99,61,4.7,63,7.9,614.6729339,15671927,7.5,7.7,0.437,7.1
77.3,12,2,10.71,243.808475,96,0,61.1,2,94,6.35,98,0.1,14341.675,3811735,1.9,2.1,0.85,16.4
81,67,0,10.49,703.5527332,95,51,61.3,0,96,8.1,96,0.1,5234.76736,4598294,0.3,0.2,0.902,18.6
64.2,22,61,0.28,4.632776304,75,760,17,83,82,1.78,82,0.6,296.97284,48846474,13.2,13.5,0.474,8
51.7,566,2,6.37,629.8425643,92,5,32.7,3,96,5.62,96,20.6,5351.253732,1855852,1,9.9,0.593,11.9
73,19,0,5.26,99.08095375,86,0,54.8,0,96,5.81,96,0.5,833.31332,52613,3.5,3.4,0.7,12.3
72.1,186,0,11.15,562.3601848,99,0,28.1,0,99,4.21,99,0.1,8331.261997,83723,6.1,6.6,0.712,12.1
62.3,259,15,5.68,26.37942542,65.5737485331699,0,46.5,20,67,9.88,67,0.8,766.8437623,128921,3.9,3.9,0.477,8.9
73.9,153,4,3.1,32.16407994,97,0,47.6,5,97,8.57,97,0.4,212.584798,83516,2.2,2.2,0.611,11.7
76.5,119,0,11.58,203.3252124,89.3860314603495,0,52.9,0,95,8.77,95,0.1,1488.47154,1995733,2,2.1,0.843,16.1
57.4,323,14,1.21,41.96145465,83,120,21.4,21,83,5.37,83,3.8,487.9238913,652952,7.3,7.2,0.449,11
89,66,2,8.98,4270.914882,96,599,57.6,3,97,8.49,94,0.1,31174.56118,57685327,0.5,0.5,0.846,15.6
70,224,1,14.67,501.8056141,98,0,58.2,1,98,5.95,97,0.1,6376.183153,9527985,2.1,2.3,0.755,15.1
55.3,46,62,1.16,5.813338496,78,8,21.8,87,78,5.9,78,5.1,65.985681,26434372,3.6,3.5,0.405,9.1
69.1,2,0,2.25,62.08343533,99,0,58.7,0,99,4.23,99,0.1,3651.966784,85995,4,3.7,0.706,14.6
72.8,121,4,0.59,313.3626015,98,1,58.6,4,98,8.8,98,0.1,2537.349,5934232,3.9,3.8,0.733,13.7
64.5,23,13,2.37,0,8,0,44.7,17,82,5.3,88,0.2,35.1040165782831,8.4997922733336,1.4,1.3,0.617,14.4
48.5,47,563,9.76,57.22555815,40.9546641212901,31521,18.8,907,43,4.33,33,5.4,648.815852,135393616,13.2,13.2,0.445,8.5
57.6,377,27,0.01,59.48744893,91,3,19.2,40,87,11.38,91,5.1,354.7253961,1768838,6.5,6.3,0.466,10.7
63.5,238,6,2.86,186.1013972,96,1,4,8,98,4.3,97,0.1,1453.917166,473398,3.4,3.4,0,10.3
78.3,79,0,0.01,3192.634413,99,1,38.2,0,99,2.3,99,0.1,47651.2599,15883.9440885723,5.8,5.3,0.852,14.4
46.7,679,2,5.48,306.9527349,87,1,3.5,4,97,5.73,97,37.2,3128.97793,1754935,11.8,11.8,0.56,11.8
66,217,0,7.64,4.141293345,98,0,45.9,1,97,5.25,98,0.3,43.82321,763393,5.5,5.3,0.636,10.3
76.6,122,31,5.26,168.173753,84,3,62.8,36,87,6.3,87,0.1,1452.27766,1242216,1.6,1.5,0.754,13.1
57.5,25,27,0.29,5.397368532,52.6936970164482,5839,17.5,50,49,4.63,52,0.5,473.45338,988452,12.3,12.3,0.378,5.2
75,131,0,10.63,0,99,0,55.3,0,99,9.15,99,0.1,72.7452184067104,0,1.3,1.4,0.82,14.9
55,471,3,5.28,294.6571552,72.6923344439013,262,26.5,4,82,6.52,79,24.7,2482.36862,1986535,14.2,14.3,0.554,11.7
73.6,156,0,7.27,1127.74347,88.8311108453734,0,38.2,0,96,4.13,95,0.1,9875.161736,3291.69103594756,3.7,3.6,0,0
75.1,123,0,13.36,0,90.7257104353554,6,59.4,0,97,6.42,98,0.1,69.8984192739978,3.00007331529403,2.2,2.3,6.88422570171195,7.55198245280414
74.5,147,3,3.39,321.6132593,98,0,5.9,3,99,6.39,98,0.1,1682.957924,58782,1.8,1.8,0.62,11.5
66.9,224,4,2.81,0,97,53,38,4,98,5.82,98,0.1,101.846796685368,28.5005987415679,3.4,3.4,0.612,12.4
56,272,52,0.12,40.37835666,63.9870715379337,1317,16.5,102,68,6.76,67,1.3,354.8185998,15228525,11.2,11,0.298,4
69.3,163,10,0.01,1.0419164,96,1,39,11,97,6.75,96,0.2,14.214412,817789,3.6,3.7,0.617,11.2
74.5,98,1,1.67,69.13924862,81,24,62.5,1,75,8.7,81,0.1,712.775759,411147,4.7,4.7,0.74,13.1
61.4,263,36,0.68,38.41870375,82,2,16.3,54,83,5.11,85,0.6,292.157443,1888268,8,7.9,0.478,9
73.5,132,1,3.99,44.57219966,85,1,49.7,1,9,4.31,88,0.1,3138.8873,293356,2,2.1,0.707,11.7
73.2,1,9,0.08,1395.454965,96,807,6.9,10,96,3.55,96,0.1,15334.66994,5383.85181909572,7.2,7.3,0.767,12.5
68.3,183,20,2.73,119.4571154,99,117,4.7,23,99,5.34,99,0.2,1377.8214,285624,3,3.1,0.657,11.9
74.1,137,11,7.62,57.58467352,73,0,55.7,13,95,8.22,96,0.1,333.4376,3839379,1.2,1,0.77,16.4
66.1,232,3,0.01,760.6550553,89,1028,34.1,3,89,8.53,89,2.5,5488.131712,231652,9,8.9,0.625,11.6
73.5,11,360,3.04,1.58668462,79,70549,23.4,427,87,4.72,87,0.1,158.668462,129675,5.1,4.6,0.622,10.2
63.4,249,54,3.69164954757835,0,89,95,22,75,83,7.70046688007615,89,2.8,1349.97144,47236259,7.8,7.6,0.55,11.1
64.8,225,136,0.856564402224502,0,77,17745,17.6,194,75,1.30046688007615,77,0.6,645.4637627,9987333,1.4,1.2,0.441,8.4
66.1,227,11,2.74935437161938,0,98,1,21.4,15,99,5.7,98,0.4,71.348397,11629553,5.7,5.7,0.493,10.8
79.5,96,1,3.45,384.5129138,91,1,59.5,1,91,9.31,91,0.1,1647.44179,4757575,1.7,1.7,0.768,13.9
59.7,247,24,0.35,66.02236299,54,31,19.1,42,87,5.68,87,0.7,733.581811,1955944,11.6,11.5,0.408,6.2
68.7,177,61,0.15,0,97,653,51.8,75,97,5.97,97,0.1,86.6634953839087,364.007062706658,3.4,3.4,0.617,11.2
